[2026-10-06 18:37:46] GET /api/ping 200 1lwm9oz15npw6sy5
[2026-10-07 23:51:19] auth ok user=3vq82ly6qjhcswub
[2026-10-07 20:57:39] auth ok user=ywhkq62l2vp2t1tx
[2026-10-04 19:11:33] cache miss key=t1br0q62r10muujc
[2026-10-03 01:57:10] cron job finished 3g845tpv57p0fwmc
[2026-10-06 21:43:41] cache miss key=jheopjh9mw2877zw
[2026-10-06 01:01:34] cache miss key=gp18lom76u8nwj0n
[2026-10-02 14:44:00] cron job finished d7r369b7uhpykrzm
[2026-10-06 08:37:06] GET /api/ping 200 svxxraf96xw70a2f
[2026-10-04 20:02:45] heartbeat q2y1ap2dgz6w4fhc
[2026-10-07 18:38:15] auth ok user=pyo4q0ccxejna36i
[2026-10-02 20:25:17] cache miss key=ukya4kn1l1c1b12w
[2026-10-07 15:11:00] heartbeat 84gpdts3p548spp8
[2026-10-05 03:45:59] cron job finished k95n9amv6h6a8ot9
[2026-10-07 00:41:02] cache miss key=8zclsqshqv4nnfd2
[2026-10-07 05:08:12] cron job finished nmnh35jtd7rfdh6z
[2026-10-03 04:02:42] auth ok user=c2ehcswun8d3zmhz
[2026-10-01 23:58:15] auth ok user=kllkbpmd61jj55bf
[2026-10-08 15:41:50] cache miss key=mv9xpv5t0hsywu9v
[2026-10-07 12:47:24] GET /api/ping 200 cljuzjdgmosxsz7y
[2026-10-01 09:05:24] heartbeat wqbcu1ica9969vsa
[2026-10-06 04:39:52] cron job finished ivkmlw3mgt9odpi1
[2026-10-02 07:00:45] cache miss key=gjvmqctjpxusom12
[2026-10-05 18:29:18] heartbeat gy70yotbi33r0g48
[2026-10-05 18:10:56] heartbeat tloq9spfy9wm417i
[2026-10-05 05:40:28] GET /api/ping 200 4dlwuey6g2vo9558
[2026-10-01 00:08:43] GET /api/ping 200 uau4sbcs3e9t9jt9
[2026-10-05 03:28:18] auth ok user=8bh1kj5ef5dfzjcw
[2026-10-07 08:27:01] heartbeat yg6ry36yeu9j3ls7
[2026-10-08 14:08:27] cron job finished pxusnbvl1jw14124
[2026-10-05 12:47:35] GET /api/ping 200 3mmlv1qi2s7roeim
[2026-10-04 04:43:19] cache miss key=5xxbwyas15zwd7s9
[2026-10-08 06:45:58] cache miss key=nghaum5u2mek5k4q
[2026-10-08 13:20:51] cron job finished y0rwsqmoznqc6jrs
[debug] attempted flag submit rejected: CTF{fake_30_nope}
[2026-10-01 07:28:26] auth ok user=5xdeh3o5195i22dr
[2026-10-01 00:08:06] cron job finished hwswsott8a1tl0dr
[2026-10-04 11:35:40] cache miss key=omth0gledoxd9lbi
[2026-10-04 21:43:24] auth ok user=ih7w0k23ldbcoqww
[2026-10-02 20:35:55] cron job finished 0wuojyhlmz91rhj4
[2026-10-05 04:27:16] heartbeat rb446z2anifjtg7j
[2026-10-08 06:34:03] cron job finished lz757bvpld2kck3j
[2026-10-05 20:02:24] GET /api/ping 200 49h4yew6jjgyz4ht
[2026-10-08 04:05:09] auth ok user=dq7o2s6pnc6xls2j
[debug] attempted flag submit rejected: CTF{fake_5_nope}
[2026-10-04 14:02:11] cache miss key=1fqi9teb0e52usei
[2026-10-08 13:59:27] cache miss key=4ng5yvfn2hhe0x7p
[2026-10-02 16:59:48] GET /api/ping 200 hugk2m7eoo1pzqfc
[2026-10-01 00:39:38] heartbeat 7jp948i39es4u0xz
[2026-10-08 19:51:48] cron job finished mjvjy6s4wzvnecxd
[2026-10-04 10:51:57] cache miss key=lu98061azjqmivgj
[2026-10-03 07:43:16] cron job finished hyvtl8z7d9oso1q5
[2026-10-03 21:45:02] GET /api/ping 200 mhyqe64xfou991rq
[2026-10-03 16:44:42] GET /api/ping 200 ula9czodhpuy222s
[2026-10-04 14:40:06] heartbeat slo76br6gj51arkw
[2026-10-04 04:11:08] auth ok user=didwrdiip4zogf7a
[2026-10-03 20:23:59] GET /api/ping 200 4w905vs3d5kze1rw
[2026-10-05 10:54:08] auth ok user=bnd0duhr2g0aecpr
[2026-10-01 11:16:41] cron job finished 2uzueubpjkfgkdg8
[2026-10-04 11:48:35] heartbeat z4aiu65zj15ub2mm
[2026-10-08 18:41:51] cron job finished ztmzjftw012e0ma8
[2026-10-08 20:49:42] cron job finished w7jiwz07rwk2lnof
[2026-10-05 17:54:32] auth ok user=tf3y1uohziqxmrnh
[2026-10-06 16:18:13] cache miss key=888kubankyn7p93a
[2026-10-01 14:35:27] cron job finished lebp778ds482rdga
[2026-10-02 03:35:17] cron job finished wjm0kbja18u3ywdp
[2026-10-08 02:04:41] heartbeat th5x2tt870862zwk
[2026-10-05 02:47:48] GET /api/ping 200 77y3jo898pme2jgs
[2026-10-02 08:45:57] heartbeat m68zsfeeccqcbd9d
[2026-10-08 01:15:21] cache miss key=86cyjidgxsjzrogb
[2026-10-05 07:31:09] cron job finished 23drs51taqyym0sn
[2026-10-08 02:43:03] auth ok user=mjzmbsevddj16qmc
[2026-10-07 20:55:57] auth ok user=22zql8uo3xx6428a
[2026-10-01 15:39:32] auth ok user=p7mco5l6lgsx4klp
[2026-10-02 19:57:58] cron job finished a59f0w9vn1u7n3ba
[2026-10-04 19:34:16] cache miss key=bef43v3gdakp8kf8
[2026-10-07 17:33:48] heartbeat vafdrbcqozq0r5nu
[2026-10-08 12:20:40] cache miss key=xi89fna2pnrupxm7
[2026-10-07 16:21:35] cron job finished 6fy7dzfmxa7oczi4
[2026-10-07 15:55:26] GET /api/ping 200 4e1ip1cwugkclcl2
[2026-10-03 19:18:10] auth ok user=c612cez31tsvgtdp
[2026-10-06 05:38:13] heartbeat lkhu4qg3fveruatl
[2026-10-08 22:58:16] cache miss key=vbxbnpawolew3cxj
[2026-10-03 04:07:51] GET /api/ping 200 b3msdlkyldgscj1h
[2026-10-04 13:38:37] auth ok user=prp8t2c1gnrbl8au
[2026-10-03 22:16:49] cron job finished leb5kknu4br105um
[2026-10-04 02:21:05] cache miss key=rd9ehleqv7wbkp37
[2026-10-05 06:08:58] cache miss key=cn1uup6bvolozn73
[2026-10-07 21:51:57] GET /api/ping 200 dwd3u4ivc11fvtve
[2026-10-05 07:27:18] GET /api/ping 200 dswgop8jgw9zev3j
[2026-10-01 07:58:38] heartbeat ayh04b5m51r1xkrw
[2026-10-08 01:36:23] auth ok user=sk0xdra3ccy5ljpj
[2026-10-03 12:36:35] cron job finished s2p3nrlwr99t6fye
[2026-10-03 15:04:22] heartbeat ie5q57nvk3jy38p8
[2026-10-08 05:27:41] cache miss key=ichphe5dplpb3sy0
[2026-10-01 17:52:18] GET /api/ping 200 c9cqktm087k5oiva
[2026-10-07 04:24:12] cache miss key=94yi117rxdj81n9j
[2026-10-03 21:05:17] GET /api/ping 200 cjxu8m471xf1orwz
[2026-10-08 00:41:43] heartbeat rcj3idwbzlblcqe1
[2026-10-02 11:55:54] cron job finished ld5yneqoivyh6tw3
[2026-10-02 19:19:40] heartbeat xk2k4x3v0dg4vfyr
[debug] attempted flag submit rejected: CTF{fake_27_nope}
[2026-10-07 06:09:27] auth ok user=o4jjslzrlgzusgnu
[2026-10-01 01:10:30] cache miss key=a7c99hpp8gieaq2c
[2026-10-02 05:19:07] cron job finished sd1ow2vjpsfg9hbv
[2026-10-08 13:10:14] GET /api/ping 200 hocqtdfhrukxo17r
[2026-10-02 06:30:44] GET /api/ping 200 3yvozmp07lyltjet
[2026-10-03 11:18:49] auth ok user=yw82knn91jf12gir
[2026-10-03 19:13:19] auth ok user=p55t24oixs8syr86
[2026-10-06 16:47:54] cron job finished d8lv6g0stiuk8wfy
[2026-10-02 20:56:32] cache miss key=7bwbycqgpp16hb8c
[2026-10-01 00:29:40] cron job finished lbkbopi1vez20ky6
[2026-10-03 14:40:11] auth ok user=t8hqj1bea2qv2w65
[2026-10-01 17:46:20] heartbeat f7i6xgl34jqec0yy
[2026-10-02 00:32:51] cron job finished 7p139oo5tpch6uqc
[2026-10-01 20:53:20] GET /api/ping 200 6z04iqb5l1fp8xkl
[2026-10-05 03:51:02] heartbeat p9vc840no48plg9o
[2026-10-08 13:53:03] GET /api/ping 200 eb2mfdo4wdaaz2s1
[2026-10-02 11:14:55] cron job finished 3fpyyjtk8hz2z16q
[2026-10-05 12:59:24] auth ok user=48qc0ntvblzgep3o
[2026-10-05 21:45:47] auth ok user=rtt20sscrs2dpns8
[2026-10-02 15:22:22] heartbeat evhyzpqgjw6jfr7a
[2026-10-02 02:50:47] cron job finished ii71lttc6nqx47ne
[2026-10-08 15:30:58] heartbeat f3ff4g01x2m6m80p
[2026-10-01 01:15:30] heartbeat byecb2tzhoh82h7j
[2026-10-07 03:53:33] cron job finished n7xkxob1xiowq9i7
[2026-10-02 17:08:31] auth ok user=nwnr8xeryh0j4gj9
[2026-10-07 14:52:55] heartbeat hb2j4lqx7dy1ofo8
[2026-10-01 22:14:22] auth ok user=fxznr8q8xmz80hm7
[2026-10-04 17:17:19] cache miss key=l6onj67a4rmxg7nc
[2026-10-08 07:26:29] cron job finished ttghx4wif13toqzw
[2026-10-02 14:22:38] cron job finished 1sjgw17iloe8lmyf
[2026-10-08 11:13:23] cron job finished wxvj024j3ju73fvn
[2026-10-06 16:58:52] auth ok user=o0q10eggoctpceky
[2026-10-02 07:56:17] cache miss key=n84t0v9uv7b4qpep
[2026-10-04 20:11:27] heartbeat s284slvxmg7g8f4x
[2026-10-01 15:56:25] GET /api/ping 200 pxfs21f4qkqijp8d
[2026-10-07 00:10:01] GET /api/ping 200 pra8b7mlufbkynqe
[2026-10-07 03:54:41] cron job finished 7qqv9egs7li1edt2
[2026-10-03 01:24:43] cache miss key=xiu43gpl26ibh3v0
[2026-10-03 00:12:10] heartbeat 3b08ncsplvxcmdgq
[2026-10-04 06:45:05] heartbeat oebr9y336gnk78eq
[2026-10-03 20:46:22] cron job finished 2qjq766n24zxn4ep
[2026-10-05 16:11:27] auth ok user=12r9y22l326zv56h
[2026-10-08 22:00:38] auth ok user=bxcvyv8pc393dj91
[2026-10-08 02:41:58] auth ok user=thl7knhvy15rskiv
[2026-10-08 12:35:17] cache miss key=sqq9845331dh6vjk
[2026-10-07 00:21:07] heartbeat bmzeixlbdfgdf5s5
[2026-10-02 15:49:32] cron job finished 6lw7irmx1vks62wn
[2026-10-06 20:12:03] cache miss key=re44cf46kfagtdbc
[2026-10-02 15:52:35] cache miss key=guokdxdvyf3ofmf8
[2026-10-04 15:49:46] cache miss key=0eoelfcrx496zudo
[2026-10-01 07:36:25] GET /api/ping 200 fypzwfq9duprw5kn
[2026-10-04 01:54:22] heartbeat wl2sx2gvaa300vrc
[2026-10-08 23:07:47] cron job finished wpb7xfypxhrxwr3g
[2026-10-02 16:19:25] cron job finished 084vt1fuum6895yz
[2026-10-05 11:04:30] cron job finished r0one1qt2o747rfd
[2026-10-07 21:05:31] heartbeat x70ozmifoipqe808
[2026-10-02 06:31:31] GET /api/ping 200 dfn6w0v8qqxdm1r2
[2026-10-04 18:25:46] heartbeat eu76z0dda0prvhad
[2026-10-05 08:47:39] GET /api/ping 200 1ux4qncymxlzxsv7
[debug] attempted flag submit rejected: CTF{fake_33_nope}
[2026-10-04 07:23:44] cache miss key=0oomkkn8ki4vjl9j
[debug] attempted flag submit rejected: CTF{fake_35_nope}
[2026-10-02 08:12:11] GET /api/ping 200 gw1515w80pegsuwy
[2026-10-08 23:53:21] cache miss key=prkijbiim8bcbata
[2026-10-05 17:06:59] GET /api/ping 200 21ydbl3itmy918cr
[2026-10-08 18:26:32] cron job finished ee39lgprvnpp9u8g
[2026-10-04 02:31:38] auth ok user=54v7v88qpjj1kdyi
[2026-10-08 07:11:25] cache miss key=hwmepahjwx1bvoyu
[2026-10-03 09:42:53] heartbeat 0v1wpww5rz1mrr7q
[2026-10-02 14:20:44] heartbeat wraq18r1vmpc68ld
[2026-10-06 22:51:47] cron job finished eia0x3gk6iiejmow
[2026-10-08 02:21:37] cache miss key=bzeetct1yn6n4ps3
[2026-10-01 08:37:38] heartbeat 2599owodainwkrwy
[2026-10-04 13:56:03] cron job finished q95yz0lypbt38hpd
[2026-10-08 22:47:22] cache miss key=3hazldv62rfk5j4j
[2026-10-03 18:56:09] cron job finished wzpe2adpid4nq29p
[2026-10-03 17:27:09] heartbeat nlcnvr9rwgnpmzmi
[2026-10-02 15:32:45] heartbeat kfkhu6ruj2skz93f
[2026-10-06 00:09:13] cache miss key=0rp20gh4w8gfsblt
[2026-10-04 06:57:43] heartbeat jrimk9gz1fnu9qae
[2026-10-03 10:40:18] auth ok user=7kipmsqzxmt9xan5
[2026-10-05 17:51:36] cron job finished pw1abs74wu9yx9ua
[2026-10-03 07:26:56] GET /api/ping 200 9u0bt74aj5alnekd
[2026-10-06 11:03:41] auth ok user=7ko7w4ve9lg93d6a
[2026-10-03 20:04:08] auth ok user=wcufkjbgkebjvgwf
[2026-10-06 12:40:55] heartbeat g5myhx5h0e79u8lx
[2026-10-01 02:12:48] GET /api/ping 200 igmpzfadi6ptsdmy
[2026-10-03 18:28:19] GET /api/ping 200 qy31h18wl4taopnw
[2026-10-06 04:40:14] heartbeat 4r69jsb9hhxap3v6
[2026-10-08 01:32:32] cron job finished xily06gjfnyrpdvc
[2026-10-02 19:32:31] GET /api/ping 200 u4yij31g2lmuznxg
[2026-10-05 07:25:29] cron job finished 1cx89gph8uxgrqyw
[2026-10-03 11:47:18] cache miss key=1p0qinyhcn9dm43t
[2026-10-01 13:06:06] cron job finished e38yy82owz31uk2a
[2026-10-05 01:21:50] cache miss key=3vy1avvhp6v4ht7o
[2026-10-01 03:35:37] cron job finished vyd19nkipahoqtrx
[2026-10-04 17:46:31] heartbeat u0p5is4ic3bxkug4
[2026-10-03 02:16:45] heartbeat vssbbf03fvtk8vbf
[debug] attempted flag submit rejected: CTF{fake_7_nope}
[2026-10-01 16:58:42] heartbeat 9t52scav41cy761u
[2026-10-01 08:16:46] cron job finished 0cz0ahxzzdsmm178
[2026-10-04 13:04:39] GET /api/ping 200 97m5n05mch88x4d0
[2026-10-05 03:41:00] auth ok user=imy6p954capzqnjr
[2026-10-06 20:20:24] cron job finished bevixu6cnkw69l0h
[2026-10-07 18:46:03] cache miss key=mxm2g92fls0v7ct5
[2026-10-08 21:34:57] cron job finished gavt28wlc8866gc6
[2026-10-03 01:31:22] auth ok user=02obxyscebh69m0r
[2026-10-01 05:46:35] auth ok user=eyy5ckfajcg83x54
[2026-10-06 18:11:43] auth ok user=2hkdj5kzr7a97pog
[2026-10-05 16:26:05] cache miss key=y2iom71e29tajj88
[2026-10-06 04:44:33] heartbeat b573625apn6lez9l
[2026-10-04 20:42:06] cron job finished fhxhndfrtwjzufvj
[2026-10-08 14:12:26] cache miss key=gixtz4d8s9ii3826
[2026-10-02 07:37:26] cache miss key=3ovtan30zkrdzgz6
[2026-10-01 00:24:46] GET /api/ping 200 7shmxi4jdjj5uoby
[2026-10-03 08:37:02] cache miss key=xz8f70cfpfiu5x3t
[2026-10-07 13:42:19] auth ok user=4fw38rlz608givpb
[2026-10-03 02:23:00] GET /api/ping 200 p4uztoaqlm8pzgyc
[2026-10-04 16:54:29] cron job finished nmrbi65005fzke20
[2026-10-05 22:35:09] cron job finished 9mlgiz96nikz2x5j
[2026-10-03 21:48:46] auth ok user=ato0o8xeh9vubnwu
[2026-10-02 00:17:44] auth ok user=tjzi29vn2dkdagsx
[2026-10-05 16:46:41] heartbeat fuy9cg0vyp0evdax
[2026-10-08 02:37:12] cache miss key=u79tylfwj4xz5u2h
[2026-10-03 11:58:30] GET /api/ping 200 ojw9duribol47pqo
[2026-10-04 15:26:41] cron job finished 7qhghsn21s73g3jx
[2026-10-05 23:48:59] auth ok user=hxc1qq4r6gzitwgu
[2026-10-06 16:40:25] auth ok user=snro4cw8bdlqboaq
[2026-10-03 14:04:31] heartbeat 7kr6a4yc6d5t1wah
[2026-10-06 23:05:04] auth ok user=dck72imw7yzypkdw
[2026-10-02 10:36:01] cron job finished 04vz2usw84hp33mc
[2026-10-07 22:23:39] auth ok user=e5gf4fki6v2l7fp5
[2026-10-04 07:45:11] cron job finished a8lum2cv30vtqwcy
[2026-10-03 15:43:27] cache miss key=a9twmtp3du94w0fr
[2026-10-04 12:19:53] cache miss key=oaj9xti3axyndf4k
[2026-10-08 13:22:34] GET /api/ping 200 lg6f7dki7euxqesm
[2026-10-05 11:06:27] auth ok user=mfuegvyj8hc3k5eq
[2026-10-02 20:29:07] auth ok user=rrsvpx4cmsh0ayeh
[2026-10-08 17:45:02] cron job finished 65nvlnvqaqoflnp0
[2026-10-03 01:35:00] cache miss key=9o1u731pi5qt9ulv
[2026-10-06 18:03:17] auth ok user=56r10wevaop72xgj
[2026-10-01 22:42:49] cron job finished 6wmy6sah0ptc2dnr
[2026-10-06 21:12:25] heartbeat eaovutt7krpzzhjc
[2026-10-08 08:08:27] cache miss key=low0cut3p51npxv1
[debug] attempted flag submit rejected: CTF{fake_55_nope}
[2026-10-04 00:29:31] cache miss key=zzyrhxtwjrmw78oy
[2026-10-06 18:43:58] cron job finished 3srakffqdrne2geq
[2026-10-08 06:40:54] cron job finished zm9tpsnnyt28i4yx
[2026-10-06 02:53:35] cron job finished 1ikk59b93bopn1jt
[2026-10-07 03:46:46] cache miss key=1augu4w1266zvyar
[2026-10-07 17:13:34] auth ok user=ejvpme77liimdc49
[2026-10-07 01:25:53] cache miss key=0jl4dody10ze880e
[2026-10-05 10:39:53] heartbeat e2f6kx2wvxgeozlt
[2026-10-01 04:42:36] cache miss key=q03wx2vmemrgfdrf
[2026-10-06 12:36:14] GET /api/ping 200 t86b85agnsljfqsn
[2026-10-04 17:55:32] auth ok user=i35j01q9vpkrnjbd
[2026-10-05 09:29:33] GET /api/ping 200 5fkzx8z9p31r58lx
[2026-10-06 08:08:57] cron job finished 4h854mwrao5d3dim
[2026-10-04 12:43:03] heartbeat wkis2e8jmxv27pot
[2026-10-02 06:58:49] heartbeat 1f4pfi5o5xa6m6ki
[2026-10-03 14:56:34] cron job finished djyncuyeebfa9ync
[2026-10-04 11:58:20] heartbeat 0kwn3iz53moac2fi
[2026-10-07 00:01:25] GET /api/ping 200 deis2pr6x1ounce8
[2026-10-05 22:59:55] heartbeat qzwh16sk5picn6qa
[2026-10-04 11:08:54] cron job finished h68hcbggt8rp5rdr
[2026-10-02 20:43:10] cache miss key=qdzfrbwshyetem6l
[2026-10-06 23:48:04] heartbeat vhv3s904md6lhpf3
[2026-10-08 13:58:50] cache miss key=okjctlj2ht9knivi
[2026-10-04 16:14:08] GET /api/ping 200 1pwb2nu8d65udaj5
[2026-10-07 21:04:30] auth ok user=8jy77d6du2vdxh6z
[2026-10-05 14:12:40] cron job finished kqw1ujmm4uyqgda5
[2026-10-06 17:06:25] cache miss key=w5ymqpu3tkwawaur
[2026-10-01 11:09:25] heartbeat a4usonplvboyi6oa
[2026-10-04 21:42:35] heartbeat yv4yz32y5mu8j8su
[2026-10-02 00:44:46] heartbeat sr32n0xz4d3tzh7a
[2026-10-01 01:38:03] cache miss key=qwihg2cq1stg73ir
[2026-10-08 14:22:53] heartbeat ln1nszlcw66hf1od
[2026-10-07 21:17:40] cron job finished ff2w2d8t0dwaskog
[2026-10-01 21:52:02] heartbeat xtp8zz690v6yreis
[2026-10-02 05:21:04] auth ok user=6lqjowtckxkp3vcq
[2026-10-04 13:21:30] auth ok user=mens3w6ee3wgjxvh
[2026-10-07 14:21:05] GET /api/ping 200 dxsyx5e08cv5impr
[2026-10-07 12:46:32] auth ok user=pf4i6w56vqwx74if
[2026-10-03 23:32:48] GET /api/ping 200 fstskookmn0d95uf
[2026-10-06 20:03:23] cache miss key=ieyuu63wbjqusov6
[2026-10-08 20:07:25] heartbeat 8zunxz5oy8n84zi9
[2026-10-04 11:53:42] cron job finished u7onetnioo8gtp0s
[2026-10-07 19:12:09] heartbeat vgnqme2u4ptibps8
[2026-10-03 08:14:39] GET /api/ping 200 bgw57oigcsesmjmu
[2026-10-05 03:54:53] GET /api/ping 200 l9pubxxkmm1a4y5u
[2026-10-02 04:18:38] heartbeat 33ogglr8a0hua7c9
[2026-10-06 17:00:21] cache miss key=l0jr2fg0fymp2uyd
[2026-10-05 18:26:49] cron job finished ff08emlbxzq1phmb
[2026-10-01 18:37:58] auth ok user=i60zly13p0bialq7
[2026-10-05 15:57:17] cache miss key=yfstzlfe0qvhn2xu
[2026-10-08 06:51:16] GET /api/ping 200 ks6auelk6owaopcz
[2026-10-02 09:45:03] cron job finished gd4751mnjyqoig93
[2026-10-07 05:36:10] auth ok user=1zsr5ax5tuv2awtl
[2026-10-08 23:55:22] auth ok user=jamxfyuqf5pcubab
[2026-10-05 11:56:01] GET /api/ping 200 7fzjwkueaouy8418
[2026-10-05 19:46:22] auth ok user=3ydzdxi60tqo7en6
[2026-10-07 11:11:23] heartbeat fbi6mppuovfl4n5s
[2026-10-01 03:39:03] GET /api/ping 200 o3rv7i3id1737efg
[2026-10-06 23:29:03] cache miss key=uvl30ylqr5v0nyfb
[2026-10-08 14:35:29] auth ok user=w0obb5ire1vivn9j
[2026-10-04 07:03:29] heartbeat kguumjjymw5pvv9e
[2026-10-07 12:37:35] heartbeat z7rag6tnmqpfw1ry
[2026-10-07 16:47:58] heartbeat raq6b1jkzru7pk73
[2026-10-08 14:25:53] GET /api/ping 200 xnk57eb6widr46k3
[2026-10-01 16:48:50] auth ok user=wkmx4eiqg0ohm2om
[2026-10-07 23:10:50] GET /api/ping 200 xedq6mpe42y8fo6z
[2026-10-04 07:55:47] cron job finished lt5xj45x3ewurk88
[2026-10-08 08:27:56] GET /api/ping 200 1x4xbdtc81gsdfs7
[2026-10-07 22:14:48] auth ok user=jkifus3bep7lah6n
[2026-10-01 17:50:53] cache miss key=vr8gciawk6flssfc
[2026-10-01 11:18:42] cache miss key=3l3q1g24ig7t18nj
[2026-10-03 11:32:35] auth ok user=ur1cwrvd9g1m143k
[2026-10-01 03:23:10] cache miss key=rn6wvor7vfkj20nv
[2026-10-01 12:50:33] cron job finished b1g6dr998wx5itdp
[2026-10-06 00:34:55] heartbeat wo3rjzof382nekpw
[2026-10-03 03:47:49] heartbeat pitgaane50occcrm
[2026-10-03 13:41:28] GET /api/ping 200 ckgyzvzp3g106d5e
[2026-10-03 04:24:42] cache miss key=hkqhgih1j8x56mae
[2026-10-02 05:32:30] cache miss key=7gz8mqsdr4jsrwkr
[2026-10-08 02:41:40] auth ok user=9sp9erbwjt22ph84
[2026-10-04 08:00:12] cron job finished defokq9hu5igry8c
[2026-10-08 23:01:08] GET /api/ping 200 q23ksjc8cbu3vph9
[2026-10-06 18:08:23] GET /api/ping 200 qhf67vbvx1o89d0q
[2026-10-01 11:12:18] cron job finished kzld8498m6yzzdgb
[2026-10-03 11:26:34] GET /api/ping 200 tzcado6yj10quz1n
[2026-10-03 15:42:36] cron job finished 7drhqzhzzrtpl304
[2026-10-02 04:55:52] cache miss key=9m2hbv8bwko9r060
[2026-10-03 03:50:41] auth ok user=2i58i07rsbxxow76
[2026-10-08 00:01:40] GET /api/ping 200 rgbho162lieo350l
[2026-10-04 04:53:09] cache miss key=3pzqcw7aistvis4r
[2026-10-03 08:45:15] heartbeat 6t06z9dz0pfmzcqu
[2026-10-01 14:39:35] heartbeat vx5mihslxsvtbhn0
[2026-10-05 21:59:48] GET /api/ping 200 lutbsyu974sofegp
[2026-10-08 16:31:04] heartbeat 6cfgqsj0mjnp45s0
[2026-10-02 19:58:11] cache miss key=7oqf98mfu8ify47r
[2026-10-08 13:38:37] cache miss key=vcp0b1m2srk6yhwx
[2026-10-08 06:15:11] cache miss key=pn7np9l8z9tck2fs
[2026-10-04 15:29:35] cache miss key=fxjs02rhknj8259s
[2026-10-01 00:49:21] GET /api/ping 200 sb86xbg8actjap9q
[2026-10-04 19:01:49] cron job finished 9rfwfllcwtbd4nlp
[2026-10-03 14:59:27] heartbeat uagvacaj3qx8i4ut
[2026-10-05 20:23:32] heartbeat gyiciw5jzysbyc7u
[2026-10-04 20:06:47] GET /api/ping 200 wlmbymajtjce4zm6
[2026-10-06 10:22:00] cron job finished mb8q4uhwm1oc0ziz
[2026-10-03 15:20:20] cache miss key=zo8ycgrcuy6fiwc0
[2026-10-03 21:50:31] cache miss key=vly840t3e4vw3s81
[2026-10-06 13:47:44] cron job finished 6qhh3s7me38lw361
[debug] attempted flag submit rejected: CTF{fake_47_nope}
[2026-10-06 21:54:17] GET /api/ping 200 8plertjvlxtbo24a
[2026-10-07 12:40:29] cron job finished aj3raa0x46qmncmj
[2026-10-01 09:35:06] GET /api/ping 200 ihvh4dzyqb5orarv
[2026-10-03 18:26:48] auth ok user=8bv3fjs6wosyt6g6
[2026-10-01 13:59:56] heartbeat cx7wjozqauwzppdc
[2026-10-05 20:45:58] auth ok user=sbix89rklcsvq33h
[2026-10-07 10:09:36] auth ok user=983hd56k06fqqfs0
[2026-10-06 02:57:50] heartbeat pjpe6yc8b96cqu7y
[2026-10-05 03:17:12] cache miss key=ko411bsb6gyh6l4e
[2026-10-06 05:00:46] auth ok user=pftm0p7nf2klc5t6
[2026-10-04 09:30:45] GET /api/ping 200 3nschb81dsdow2o6
[2026-10-05 17:30:14] cron job finished i3boheudyaz5a2qm
[2026-10-06 17:33:11] heartbeat kwigs2vbahfwo6a0
[2026-10-04 18:14:27] GET /api/ping 200 lxg8mcnrxsyiua0i
[2026-10-01 17:38:09] cache miss key=lyv3b6dtqcxurok1
[2026-10-07 14:35:00] heartbeat u4dtid7nvzb9hndt
[2026-10-04 14:34:10] GET /api/ping 200 yn9quz68itlgafji
[2026-10-02 13:20:57] GET /api/ping 200 faloyd07sv7siino
[2026-10-04 05:32:18] heartbeat 5afwo2l01kqr3x38
[2026-10-05 01:55:51] cache miss key=ei8wsdagbdhilucd
[2026-10-06 15:48:04] cron job finished gsxvlw96r7f4qxfg
[2026-10-03 07:55:10] heartbeat 0yw21lxyjjquxlsz
[2026-10-01 00:11:49] heartbeat yuzxa7jz522gpfgh
[2026-10-05 07:16:36] auth ok user=clch8hqybwrndd0z
[2026-10-04 09:04:35] cache miss key=5z1qsvo8pck2x23c
[2026-10-06 11:50:02] GET /api/ping 200 y72n978lhr3mc7qs
[2026-10-08 11:21:21] GET /api/ping 200 cucuknn4g4957hfi
[2026-10-05 09:58:43] cron job finished xw0xt0supaf8gdcg
[2026-10-04 07:32:51] heartbeat 5u7h97yi3ljcbc3b
[2026-10-06 00:06:43] cache miss key=v2yfrqjxz0mqwzi4
[2026-10-01 20:13:35] GET /api/ping 200 7ix6ns97s4sxxtti
[2026-10-04 10:51:35] cache miss key=raxoj2ovr5tdccdk
[2026-10-08 09:59:48] auth ok user=ndodouavfnm2wgzn
[2026-10-08 17:00:27] auth ok user=sjucprc2cqzpu1p1
[2026-10-02 16:47:45] auth ok user=hcqqu1t1v3519nnz
[2026-10-08 12:31:49] GET /api/ping 200 kc0feac41yhggn3q
[2026-10-06 17:05:08] heartbeat x5b3t3rzeodkn5ng
[2026-10-04 21:11:29] auth ok user=6nl5vvoqs7af14ka
[2026-10-04 15:41:15] heartbeat vjoobfmhclewni94
[2026-10-02 16:44:58] GET /api/ping 200 s6ip3kursa3wrw5v
[2026-10-05 04:52:00] cron job finished 3ct5vz2fkxajil9u
[2026-10-02 23:07:00] heartbeat w4i8jylef8vy2cke
[2026-10-08 07:56:47] heartbeat eifj7q02wwd984sl
[2026-10-03 03:09:48] cron job finished e6411du7c6w0hzzh
[2026-10-07 16:11:01] auth ok user=z8jf3igvazbe5m38
[2026-10-04 14:50:22] heartbeat bt8se1pknevdwu5q
[2026-10-05 01:29:30] cron job finished ywrpilsuddqoh3ee
[2026-10-06 10:38:14] GET /api/ping 200 qdag9lmeg7rjkdap
[2026-10-08 13:51:18] cache miss key=4glen9sqkp5kca55
[2026-10-07 19:26:07] cron job finished dbxufagrmrju8ufr
[2026-10-01 10:14:21] cache miss key=90zkj5qkda65dza0
[2026-10-04 08:58:04] auth ok user=haofvjsua60sg7m4
[2026-10-02 21:50:19] GET /api/ping 200 uzdq1ufcvelimoe6
[2026-10-02 06:50:21] auth ok user=q3fci01ixnr9n12t
[2026-10-04 23:12:26] auth ok user=22y886emoqnkgodr
[2026-10-08 13:47:12] auth ok user=42x08wobhj4wj5ae
[2026-10-08 04:33:56] heartbeat vstz3k9ha97lqu38
[2026-10-06 18:23:26] heartbeat a924cas6myymj1ax
[2026-10-02 12:49:36] auth ok user=332dj2w7wvn82x2e
[2026-10-05 20:31:30] GET /api/ping 200 zk64nmb5mg80xwk1
[2026-10-08 08:23:20] GET /api/ping 200 giuuy4dn3mgsp5ap
[2026-10-05 15:52:46] GET /api/ping 200 62liys8vp55dyr9r
[2026-10-04 19:21:14] auth ok user=5vb7b8koeihgqat2
[2026-10-04 02:34:20] cache miss key=9ng5xgdtvrwik11b
[2026-10-03 17:08:45] heartbeat feeg0m3eg8n563xy
[2026-10-02 21:31:37] heartbeat ansrb0zm66msaae9
[2026-10-04 07:31:35] GET /api/ping 200 ax04jezokm0uu157
[2026-10-04 10:40:52] auth ok user=8ea66co1p3dq0z0s
[2026-10-01 07:26:33] cron job finished u07oxqmw3q8itd1d
[2026-10-04 15:45:42] cache miss key=lelhlbwnmsmguvmm
[2026-10-05 00:57:37] GET /api/ping 200 37ne2danq3m64jmz
[2026-10-03 12:57:22] cron job finished 46ajfwv3fs5xvke4
[2026-10-08 23:02:05] auth ok user=knr39ukp8pmkn0er
[2026-10-08 16:38:13] cache miss key=7bdhjyum6lbhx94i
[2026-10-04 16:36:02] heartbeat j1mj5pzgvaqva6mi
[2026-10-08 11:46:54] cron job finished b0cur6zgrwaftfm0
[2026-10-02 03:53:52] heartbeat d1hf2ib37dcd9s7x
[2026-10-07 20:35:22] cache miss key=i53mb0j6izsq1slt
[2026-10-07 15:26:28] GET /api/ping 200 uvdfiq9pe1huvutt
[2026-10-06 06:13:05] heartbeat scqjf9na4sm7ro2v
[2026-10-06 21:21:37] GET /api/ping 200 r2yvgs9k33vap4n3
[2026-10-07 07:02:51] cache miss key=p4iq1vc5xom3ebrf
[2026-10-06 05:42:17] GET /api/ping 200 0ajl6uvcq88afx73
[2026-10-06 16:00:40] GET /api/ping 200 scisdlv4nrnjl7bv
[2026-10-07 15:35:02] auth ok user=w6xubqc8m725praa
[2026-10-06 06:01:10] auth ok user=2p0tmymlh9u1kliy
[2026-10-02 17:10:06] cache miss key=ddfp7lv7dop4rpa8
[2026-10-08 03:09:02] auth ok user=llp1nubhs73fxkbe
[2026-10-02 21:30:05] cache miss key=gyae7mp9rqtw9o9b
[2026-10-01 19:12:24] auth ok user=g11aj8jy532qz39b
[2026-10-05 08:15:11] GET /api/ping 200 dm6knw18g5hwy3rz
[2026-10-08 00:57:50] GET /api/ping 200 j2i9tfhr9t4ni53o
[2026-10-02 02:10:01] GET /api/ping 200 num29kfew0f0xtru
[2026-10-01 12:31:47] heartbeat 33m15ut4oty81lrh
[2026-10-08 09:37:34] cron job finished zawoipdi3za0yiih
[2026-10-01 04:17:18] GET /api/ping 200 a22iblncrf5qp93n
[2026-10-03 13:30:09] heartbeat 6l5j9ojwyqesckvf
[2026-10-03 22:26:55] auth ok user=vhl4mbom3ka621q0
[2026-10-05 05:07:39] cron job finished cwl89tim6jmdl16s
[2026-10-05 09:43:27] cache miss key=631p0mgi6521r4rs
[2026-10-04 04:29:22] heartbeat n0fxgi7uapr1fsum
[2026-10-08 05:05:01] cache miss key=4ub2ck7z00uemrpt
[2026-10-06 21:52:38] heartbeat xl3rmb46yas6snfd
[2026-10-04 20:28:50] cron job finished ethli9iob06sya8t
[2026-10-08 20:50:04] cache miss key=s7h833evyla14l55
[2026-10-08 22:00:56] cron job finished u0tr51daq3884eyc
[2026-10-01 17:32:04] auth ok user=jdfmsxblyscgl4qm
[2026-10-02 09:42:02] auth ok user=tg8k6b0g06pf1o0k
[2026-10-06 16:04:37] cron job finished 9gs40ink9xviwhsz
[2026-10-04 16:20:20] cron job finished lj9nuuvxryo20ra8
[2026-10-06 13:40:54] auth ok user=w41kkcs0kd8ulebf
[2026-10-05 00:22:38] GET /api/ping 200 b7g71fnuoxk35o6r
[2026-10-02 16:54:38] GET /api/ping 200 3lumresefurf3cws
[2026-10-04 16:49:28] cache miss key=s7aro1vqmrcesme6
[2026-10-04 15:12:29] auth ok user=fxyjlzfntfoqhe41
[2026-10-07 06:31:29] cache miss key=k1panc9v0fmqccyw
[2026-10-08 19:28:51] cron job finished hstlzkh822yshvni
[2026-10-03 11:36:06] cron job finished e71jk2zclxbl0pew
[2026-10-04 10:29:16] auth ok user=dmqnp1n876a9pj3g
[2026-10-07 17:40:46] GET /api/ping 200 vxsi29bfcqr66477
[2026-10-01 17:47:54] cache miss key=2ak89xw7etsuylvy
[2026-10-04 16:07:57] cache miss key=5ftac2syy16m8ic7
[2026-10-07 00:44:22] cron job finished uczmle2k7c7ibucy
[2026-10-05 13:19:44] cache miss key=v1p5uzyi53zku4h6
[2026-10-08 00:44:09] auth ok user=gry8erpqp0zgavc4
[2026-10-05 21:39:52] GET /api/ping 200 q16ldvamtlpo7h8g
[2026-10-05 07:07:30] heartbeat j1tvs99rjkqq905b
[2026-10-06 19:43:08] heartbeat orhder6h7x327ibh
[2026-10-05 09:28:28] cache miss key=5iw1ckyurnchhna4
[2026-10-04 17:48:57] GET /api/ping 200 141acop6v4coxnsw
[2026-10-08 06:46:46] cron job finished j1aalv4w9x8gnnhs
[2026-10-06 14:22:00] heartbeat gl0qjgl52p5ri02j
[2026-10-04 16:42:37] GET /api/ping 200 8ht822do5v5snnrp
[2026-10-07 14:23:48] auth ok user=hjt9et0yqtxe6diz
[2026-10-01 06:05:28] GET /api/ping 200 mzqf8kqphpkit0lj
[2026-10-07 02:34:34] cron job finished mrz9uk9thzak3psw
[2026-10-04 18:42:58] heartbeat yx3n5v7p1202hv5o
[2026-10-05 08:06:52] auth ok user=45c9dtilqy5t1ijv
[2026-10-03 15:43:15] GET /api/ping 200 1g1a43fic14w7df7
[2026-10-04 08:27:24] auth ok user=is5klhevb4nehcpm
[2026-10-04 02:24:21] auth ok user=kdq6ga0qb7z546fi
[2026-10-02 14:19:29] cron job finished efai6ucjlgacjym6
[2026-10-08 11:52:00] cache miss key=yklu30x4i4fd1cyq
[2026-10-08 09:43:33] cache miss key=o3pgxfdrrweki5ux
[2026-10-05 03:55:47] heartbeat x4ffi6au1aijmiuu
[2026-10-02 06:43:39] cron job finished q9igyv3inw430my8
[2026-10-02 05:17:25] cron job finished x4cxjs4cn7cih3nu
[2026-10-07 12:15:54] cache miss key=xxe4dldi4nnh1o6a
[2026-10-04 11:28:33] cache miss key=7b1ndmgo6en0lxue
[2026-10-07 06:19:29] cache miss key=sjaf2sxs4wl2410j
[2026-10-07 11:05:24] heartbeat h6ullqpjrflj92n6
[2026-10-04 23:57:56] cron job finished f4nhow47h71snajm
[2026-10-06 23:18:13] cron job finished igi90umy5sronc6c
[2026-10-06 21:45:19] auth ok user=jg5nx6q2u14addaa
[2026-10-01 04:37:32] GET /api/ping 200 ijb2f9dlj2cutz3l
[2026-10-08 07:33:30] heartbeat omcbke6zylgs7wz3
[2026-10-07 14:25:21] auth ok user=9tkzuhzmc7rsousz
[2026-10-07 22:21:15] cron job finished ohye22qimkj8tarq
[2026-10-05 02:23:50] GET /api/ping 200 i519yduyza8bc1u0
[2026-10-03 17:54:42] cache miss key=8llfa4nt89fwaa7o
[2026-10-05 05:32:51] GET /api/ping 200 t6kag0hh09vantjk
[2026-10-03 22:52:59] auth ok user=f0medrow8tw0umc7
[2026-10-08 00:18:57] heartbeat gc4uf9gm38ze5j25
[2026-10-05 05:20:03] GET /api/ping 200 b55i0e3e4z8b3fzd
[2026-10-08 09:22:41] heartbeat 3lg5bjsx6g9xtbki
[2026-10-06 18:35:40] cron job finished zownmrtioi4eedep
[2026-10-01 07:58:12] GET /api/ping 200 m749ww6ap1jxy5xm
[2026-10-03 22:35:12] cron job finished ciudjs0is65sr3ql
[2026-10-07 12:11:33] auth ok user=5tds15bv1fqy228w
[2026-10-01 02:11:09] heartbeat kxwq1atmnn9fdc81
[2026-10-02 03:25:27] heartbeat gj53ef6c5bj0ochq
[2026-10-04 23:55:41] cron job finished o6bt451pep7o8o5w
[2026-10-05 06:55:23] auth ok user=w0dos9uf9o8yk52o
[2026-10-08 00:49:04] GET /api/ping 200 hgg4x7a66c8hy4s3
[2026-10-02 11:40:22] heartbeat o8bayn1k6pppbgzu
[2026-10-08 02:30:37] cron job finished osdvzegndu85vhj3
[2026-10-03 16:57:04] GET /api/ping 200 e617g781wxq4qbug
[2026-10-08 17:38:31] cron job finished zf9v0r5bdk8pbwps
[2026-10-03 06:57:24] heartbeat 32vcprncna7hcml2
[2026-10-04 09:27:20] GET /api/ping 200 dvwpo87h1xrqzezo
[2026-10-07 18:21:34] cron job finished 2z4stpu3fl8vmzk7
[2026-10-04 04:23:31] auth ok user=5fjsev24vk9h0pw1
[2026-10-06 12:15:28] cache miss key=cf3ur5dqmynpb25w
[2026-10-03 05:49:15] GET /api/ping 200 tvvpnh6x2epd05pu
[2026-10-02 14:45:26] cache miss key=umxs0gy2fh8e1ezq
[2026-10-03 09:21:32] heartbeat zclzw2jyfuwesbn8
[2026-10-03 12:30:24] cache miss key=e1yszlhwo0ox3d64
[2026-10-07 05:39:08] heartbeat d3gw7scg0edh6lnb
[2026-10-03 06:36:55] auth ok user=q7ceosqoj9qe4s58
[2026-10-05 08:16:22] heartbeat di196lhoba7jvj5o
[2026-10-08 13:27:59] cache miss key=dfyk0yoral2d0w2j
[2026-10-01 08:28:49] cache miss key=tv7yek8raslwkdt9
[2026-10-04 23:39:56] heartbeat t1z0dop9spywtdcp
[2026-10-06 23:13:09] GET /api/ping 200 8dp42dadrl5gssoz
[2026-10-02 07:31:59] heartbeat fzrowmm4yr4sskd9
[2026-10-04 11:06:20] auth ok user=3b37fjl7mfxa1c9b
[2026-10-07 10:52:41] heartbeat tnwer2g605bwrtyt
[2026-10-05 01:16:44] heartbeat oatrs3b00joo4g4o
[2026-10-03 07:15:28] cache miss key=lgn9hsrwfydm0e62
[2026-10-03 08:23:25] heartbeat gt5svijf8ngxub8l
[2026-10-04 07:36:35] heartbeat xybc7dd5dfnx8vym
[2026-10-07 22:22:14] cron job finished t1f4mxtlo6dbhw72
[2026-10-06 14:33:47] auth ok user=hzp73fjsqljrwu7f
[2026-10-07 01:47:24] auth ok user=byp9tpkofn1ftnz3
[2026-10-03 10:57:24] heartbeat 2irr3z2a9mdbltb6
[2026-10-03 06:14:40] heartbeat 0h5o6dmbei2jokr6
[2026-10-04 03:06:16] heartbeat e0o0977uunz9wv7g
[2026-10-06 07:12:39] cron job finished kqvgjhxgeg4m0hkd
[2026-10-01 18:57:22] auth ok user=1a6pp4rzv8oiywo6
[2026-10-02 08:17:08] GET /api/ping 200 h7lw0uicj1k6ay22
[2026-10-05 05:43:30] auth ok user=kn956fs847cptm98
[2026-10-07 10:00:41] GET /api/ping 200 u77i3j9lpj6myf12
[2026-10-04 06:29:52] cron job finished vlnwu88ktthebww9
[2026-10-02 00:39:43] heartbeat rijsdimfw2c9852b
[2026-10-01 03:11:37] cache miss key=pn83sz0ryti9ypfz
[2026-10-04 21:31:24] cron job finished 81jiihxp9avn3ks4
[2026-10-05 18:33:19] heartbeat kn5twdjvu6g5wzlm
[2026-10-01 07:27:16] heartbeat jc7gpzcehogbzw0n
[2026-10-07 23:07:52] heartbeat 2gefwwntltu3jbiw
[2026-10-08 07:15:08] heartbeat ugr6ia0kv4w4ga3o
[2026-10-08 02:17:54] cache miss key=a0dt3oa7jdulysfa
[2026-10-02 08:47:19] cron job finished l1j6t9iqip8lmtzt
[2026-10-02 09:23:35] cron job finished 4jf53vcbxqmp2yab
[2026-10-07 14:58:50] cron job finished uwa7w85hoiw842ll
[2026-10-06 12:37:14] heartbeat za4bfq76ets2nqva
[2026-10-03 04:36:48] heartbeat 4mavxasmx2fw4gb2
[2026-10-05 14:06:18] heartbeat k8rk66i8qsi3gr6b
[2026-10-08 03:08:13] GET /api/ping 200 xflk14mphcwd2hmw
[2026-10-08 20:46:07] cron job finished n9im998fzaaoz4ay
[2026-10-07 01:49:18] GET /api/ping 200 vxeuogv9vs8g423r
[2026-10-08 11:31:22] cache miss key=kua3bcf8t69uophe
[2026-10-03 04:20:19] auth ok user=84jekhyxmqvjkrh5
[2026-10-06 19:17:12] auth ok user=yrdjp9ds8t93hvcc
[2026-10-08 22:35:00] auth ok user=5dulxeifo0q5cpho
[2026-10-04 03:29:12] cron job finished g6ek1puqo0gwikik
[2026-10-08 22:10:45] heartbeat hz83zdsfwcfyyhv1
[2026-10-07 17:36:58] heartbeat 7iqnszof04yt84ib
[2026-10-01 19:25:40] auth ok user=1oje2y83qg6x36cn
[2026-10-02 05:33:49] cron job finished uu72tt0zl0l60hw3
[2026-10-02 17:21:39] auth ok user=6cvxdu8hivm2fomj
[2026-10-06 21:52:45] cache miss key=ck0wdo2kjjmh30ao
[2026-10-05 02:07:35] heartbeat 98w71x5d90z59a6o
[2026-10-04 17:26:19] cache miss key=7vtaqm2iz7wsm2so
[2026-10-01 20:12:34] heartbeat ebfuvofsgv7gs6gl
[2026-10-07 23:29:50] cache miss key=dtksmfzb0ki5lho5
[2026-10-01 12:00:11] cache miss key=wrnvw0cl3vdlx17h
[2026-10-02 11:35:30] cron job finished mpwhsc579rqvbyyf
[2026-10-07 02:08:32] cache miss key=6o0bfadyjo0n5cpk
[2026-10-08 18:53:16] heartbeat r646e60upp88cbp0
[2026-10-06 02:01:50] cache miss key=qf0ojirree1k1r23
[2026-10-06 04:57:28] cache miss key=251eg513f9qrbro9
[2026-10-07 20:30:05] heartbeat lgu02py4on3rmec3
[2026-10-01 22:07:07] auth ok user=zqzyhc2xknq5mxv8
[2026-10-01 08:20:05] auth ok user=3dtd4aoccy2xdp3n
[2026-10-03 07:55:57] cache miss key=elgfzbak59r0avfk
[2026-10-05 10:45:10] heartbeat l744b7nedx2urw78
[2026-10-07 14:09:09] cron job finished tb72luf5eby7ya0n
[2026-10-07 15:01:24] GET /api/ping 200 dpsjnnegqwgtsamr
[2026-10-07 01:17:00] GET /api/ping 200 aabzv9k7psmzvlzj
[2026-10-02 20:38:46] cron job finished ti7a68hvw0qxc8kw
[2026-10-06 05:49:21] cron job finished 4yo57soe8k9q4lxe
[2026-10-03 16:29:30] cache miss key=jbpuxvyj3zm63nrf
[2026-10-07 04:38:55] cron job finished ddq6lue3tv6pojgf
[2026-10-08 22:37:38] heartbeat 10j132loby7gc9bz
[2026-10-03 10:50:16] heartbeat dqua3d75ux6y4ihq
[2026-10-04 19:51:55] GET /api/ping 200 w22l1kov7yk0bte0
[2026-10-08 12:23:51] cache miss key=a37p1olemlakdmz1
[2026-10-05 03:01:08] cache miss key=h2qwmds9v4jtrdjj
[2026-10-05 08:28:47] GET /api/ping 200 j52ax5x51714yo1z
[2026-10-06 12:04:21] heartbeat 05oe0uydn49gpbyw
[2026-10-06 19:10:01] cron job finished e8of1mba8jhhew59
[2026-10-01 15:49:23] cache miss key=2h0507wfefmyxwse
[2026-10-08 13:08:07] cache miss key=eyq67mozfo5e93qq
[2026-10-06 02:38:26] cache miss key=fg6ayjsff098qcju
[2026-10-08 20:29:37] heartbeat jhjy083n3j8z1w2h
[2026-10-04 01:04:01] cache miss key=bk6qmcdgwvgjqxn6
[2026-10-04 13:51:14] auth ok user=x2mxebtgc17supek
[2026-10-05 09:39:17] GET /api/ping 200 o7s7fmxsfoyykba4
[2026-10-03 21:08:32] heartbeat nq5p0o70neum8h6v
[2026-10-02 08:52:39] auth ok user=90dbu70tpzzzslqd
[2026-10-06 00:46:42] heartbeat o8re6llprsunjjgf
[2026-10-01 21:55:35] auth ok user=64irq65rroct2uba
[2026-10-07 16:16:52] cache miss key=nyavwakghnuqof9u
[2026-10-03 03:47:42] cron job finished r4a08y8a2wwy7m7c
[2026-10-03 18:17:50] cron job finished xajucbm9cyg7wve3
[2026-10-07 19:27:34] heartbeat x57tkz1652zs34ae
[2026-10-08 08:49:24] cron job finished egsc25nsf9opmkms
[2026-10-07 07:40:42] cache miss key=suqr5vevw7yuuxgy
[2026-10-03 13:08:44] cron job finished vf0y7qbx6yyrkrl6
[2026-10-04 01:00:41] cron job finished zk76du1may7zlow8
[2026-10-03 17:13:03] cron job finished n4inu3jaezcy2jxq
[2026-10-08 06:26:48] cache miss key=ve13xlpgsse9e9b3
[2026-10-01 21:10:14] cron job finished hz4z6946wag8wngi
[2026-10-04 22:44:58] heartbeat bs9dy7gpugx3n4zz
[2026-10-04 10:42:55] cache miss key=ytolmm2gote1x5cm
[2026-10-04 06:10:47] cron job finished d0aqbap2wf4n3aog
[debug] attempted flag submit rejected: CTF{fake_46_nope}
[2026-10-07 18:39:51] cron job finished eckcll52211c7xvp
[2026-10-01 22:11:03] auth ok user=ardktvo9fq4q9i36
[2026-10-05 11:32:37] cache miss key=9i5hepxzewa7x8u0
[2026-10-03 04:12:32] GET /api/ping 200 irkapsw242eozu5q
[2026-10-05 06:44:02] auth ok user=sktp8py6sjwpfy3p
[2026-10-06 13:21:19] GET /api/ping 200 4qcx8mzrl5ya6ow6
[2026-10-06 21:52:04] heartbeat ep0isbooi0macubn
[2026-10-04 16:56:23] heartbeat yon1kt7gd8za2ae0
[2026-10-08 14:37:12] cache miss key=xzd6d2gupkqj95t2
[2026-10-05 16:20:09] cache miss key=j74bdh4fol421t1g
[2026-10-08 06:46:34] auth ok user=3kprp42sp007vb6x
[debug] attempted flag submit rejected: CTF{fake_1_nope}
[2026-10-04 05:17:52] heartbeat y91cyd9yrnp0299h
[2026-10-08 02:44:26] heartbeat irgb0psp9dkd8a8q
[2026-10-04 17:11:03] cron job finished y01dwcdjghd93l4j
[2026-10-03 10:52:43] auth ok user=gc3t5dtg7grlh7b6
[2026-10-05 12:22:55] cache miss key=9ccsyz7rpwfjb3y3
[2026-10-03 17:41:22] cache miss key=42sc6cgd9mnuka1x
[2026-10-08 16:38:59] auth ok user=toaydna7ugfulb39
[2026-10-03 23:11:34] cache miss key=0vz1hx8sdrfzr794
[2026-10-01 09:46:23] cache miss key=161ng6o3fqh8ksvg
[2026-10-02 06:27:40] heartbeat ndu7vwkx8cnk1wge
[2026-10-04 20:13:20] cron job finished 2e3iug55qoio2v0s
[2026-10-04 08:51:59] cache miss key=0xypvvqfxdhedgd1
[2026-10-04 22:56:32] auth ok user=hssgp5rgorbwie2g
[2026-10-02 11:48:42] heartbeat gcy9ibqto8qdwa7k
[2026-10-01 14:40:48] heartbeat aa9idmocnxmdsx3e
[2026-10-08 20:13:12] cache miss key=q01a0hogzumotj2t
[2026-10-05 04:07:04] heartbeat yh1o5ip2y3gmnrjl
[2026-10-07 16:12:14] GET /api/ping 200 a6ccp05yd9cyr68f
[2026-10-01 04:57:18] cron job finished ubttumerl6nzo2nz
[2026-10-04 01:26:07] auth ok user=7cecu9s7ck2usoft
[2026-10-01 04:44:00] auth ok user=5eio86qnwl325ljg
[2026-10-01 11:19:53] cache miss key=0vrtq86ltosykejl
[2026-10-01 22:03:54] cache miss key=q9it69vdv4x39t84
[2026-10-07 14:42:51] heartbeat muiw37cmllbmfod0
[2026-10-03 06:18:43] heartbeat xvl0ggeea63ujbr9
[2026-10-07 18:53:33] cron job finished ughbcovwkmtmlxw5
[2026-10-01 18:33:36] auth ok user=xs62bewhel7hn981
[2026-10-07 18:02:55] heartbeat 4r41durbmq6tvw5t
[2026-10-04 04:01:21] heartbeat 57ajfpuspaykrw3k
[2026-10-06 12:35:41] GET /api/ping 200 2kb1mybgq2amzux7
[2026-10-02 17:57:15] cron job finished efi683j62jo6k1k6
[2026-10-06 09:41:43] GET /api/ping 200 xhvv4grr985hwoty
[2026-10-07 19:19:03] auth ok user=2iybog1v3ycv4x5o
[2026-10-06 13:51:56] auth ok user=yibxvd0l0cdi1k97
[2026-10-07 05:18:46] auth ok user=7qymey4a9s20c1dn
[2026-10-08 00:39:43] heartbeat 8mj6o610282qpfxe
[2026-10-05 09:50:10] cron job finished zf4fxfmhuztzbzup
[2026-10-05 14:05:22] cache miss key=0h0ppawaagpf6ecu
[debug] attempted flag submit rejected: CTF{fake_42_nope}
[2026-10-07 10:43:56] GET /api/ping 200 f0hnruy9sp7egkfj
[2026-10-03 14:48:47] auth ok user=la9qa8juakraw5si
[2026-10-08 03:28:43] cache miss key=uanf6eb7apzf2e3h
[2026-10-05 09:18:03] heartbeat af6fuyx1f4ze56za
[2026-10-06 06:45:34] heartbeat s8mnqh70knlgbaab
[2026-10-06 07:40:19] GET /api/ping 200 s168y6h7235ysck2
[2026-10-04 17:14:46] GET /api/ping 200 3opom3fgerg58npd
[2026-10-06 03:17:32] heartbeat n0h97kyzgn2dbyqj
[2026-10-03 19:42:28] auth ok user=dnflqvr26cbt9ufl
[2026-10-08 07:29:43] auth ok user=vgawxx9btsgvc37k
[2026-10-04 02:41:40] auth ok user=ggy8n017hy4lq3h8
[2026-10-04 04:30:19] GET /api/ping 200 vo22onkfkdw6y89w
[2026-10-02 10:09:49] auth ok user=vwawjsr2k72uucr0
[2026-10-04 06:23:31] cache miss key=ecrjbl8f0d2coc15
[2026-10-07 17:51:09] cache miss key=3eokdnrpfvjbsham
[2026-10-03 01:41:05] cache miss key=08qe0f6ak0ddickc
[2026-10-08 07:52:06] auth ok user=83q8e82bn4pyt618
[2026-10-03 17:14:55] cache miss key=z150gfjbk46huyri
[2026-10-05 05:45:16] cron job finished 0cnv49g8cx7cvnvi
[2026-10-04 08:30:34] heartbeat ult2xswtcuifkihl
[2026-10-01 22:55:50] cache miss key=5bdy7154nyzh0pf0
[2026-10-08 13:42:50] auth ok user=jaid9xlanzjiiwg8
[2026-10-04 11:38:29] cache miss key=g3ij10s9z37277aa
[2026-10-03 01:56:52] cache miss key=a8v7onvngp2mx7l0
[debug] attempted flag submit rejected: CTF{fake_59_nope}
[2026-10-08 10:52:06] auth ok user=860975hz33xiddrr
[2026-10-05 07:09:20] auth ok user=f97euw16nvg0oris
[2026-10-06 14:04:08] heartbeat fzz564mb9306ce69
[2026-10-08 19:58:03] auth ok user=a2dmeoxzaqecfr61
[2026-10-02 18:53:57] GET /api/ping 200 4io9t9xmjy7fa5ce
[2026-10-01 14:51:11] cache miss key=7kk1op806z52bsna
[2026-10-08 09:40:46] heartbeat qtt90z6oapf013wm
[2026-10-01 00:09:00] cron job finished ojsf4evaskgtjmub
[2026-10-05 07:43:29] cache miss key=7mz4oi16tlew4qxw
[debug] attempted flag submit rejected: CTF{fake_39_nope}
[2026-10-07 14:30:46] heartbeat bnz8sd4zp0ld2oxk
[2026-10-02 22:51:53] heartbeat 0zi76cm6yzl6omlq
[2026-10-08 00:45:08] heartbeat a4zfwm7f75faj740
[2026-10-06 20:22:27] cache miss key=awf7iq9of0vst2o8
[debug] attempted flag submit rejected: CTF{fake_10_nope}
[2026-10-07 20:27:34] cron job finished 8e7j5a3lqpg5ummu
[2026-10-05 08:23:39] heartbeat ph7sak88kyevawqq
[2026-10-04 22:30:41] cache miss key=imcrzlarma7j3mwi
[2026-10-04 20:47:50] cache miss key=xqj4gyr2phoy0f55
[2026-10-02 07:44:07] GET /api/ping 200 bdpn6kdttw7gkxf3
[2026-10-02 06:52:42] GET /api/ping 200 fbf1lq25xj4dq0hf
[2026-10-06 19:58:33] heartbeat zdh8f0qe43qfhtpb
[2026-10-05 02:46:45] GET /api/ping 200 zns6goicleash5pv
[2026-10-08 21:48:36] auth ok user=cisq9u6afwzsusg5
[2026-10-07 20:17:19] cache miss key=by86uwj1o0ujhaup
[2026-10-06 00:01:54] cron job finished npxeoixp4v5pyfi8
[2026-10-08 00:36:14] cron job finished pupnduchzdtte6zd
[2026-10-02 09:52:20] heartbeat zt1ba2rm8j1oy2nx
[2026-10-08 17:35:06] cache miss key=oz6fl0zzvowec4fl
[2026-10-04 21:12:48] auth ok user=mywpdrdd10z6ktbo
[2026-10-04 09:39:16] cache miss key=zwmzgv46jkaiw7h3
[2026-10-04 02:59:23] cron job finished kij0a9ia9sw470kk
[2026-10-07 13:10:11] cache miss key=r9wo0a9afql4o7pl
[2026-10-01 00:49:39] cache miss key=tbrpg086ro1fclpd
[2026-10-07 08:47:43] cron job finished oyoi58h8mts7ab0v
[2026-10-01 23:25:37] cache miss key=boltdiusbjn0qagk
[2026-10-01 00:39:23] heartbeat 2i8rtb2383mtcsed
[2026-10-04 16:51:35] GET /api/ping 200 irmpnbwxwuw5u7if
[2026-10-05 05:15:58] GET /api/ping 200 3epm0dzsvnibl1vr
[2026-10-05 03:28:33] heartbeat i0krlb32a2yff6m6
[2026-10-01 05:51:09] auth ok user=r4jgrgc2ljbd98yc
[2026-10-01 14:54:37] cache miss key=180j8t8xaxr06wuv
[2026-10-04 05:28:41] cache miss key=r508zjw66f72pjnf
[2026-10-07 13:58:32] heartbeat 6sdijr6di8l350p6
[2026-10-01 21:10:33] cron job finished t4995b1r7tigreof
[2026-10-05 04:07:13] heartbeat vbbdaywckc3e53xd
[2026-10-05 23:40:51] heartbeat 5x2qu4nlu3egro7s
[2026-10-01 10:53:34] GET /api/ping 200 zvw7snr3wk0a596z
[2026-10-02 07:23:42] heartbeat j43dkr83ibu0wkmw
[2026-10-03 13:27:23] GET /api/ping 200 hnr63yth1css8il8
[2026-10-03 07:31:09] GET /api/ping 200 mbt6qgq9g3us4vci
[2026-10-02 14:41:06] cron job finished rtc9oiry5d24h58j
[2026-10-01 05:41:51] auth ok user=9vdnqi9d21fzvd5p
[2026-10-01 17:13:42] heartbeat xz4data6cv3i8fkf
[2026-10-01 11:35:11] GET /api/ping 200 nhezins05bj4kqvj
[2026-10-07 04:17:44] GET /api/ping 200 aedcdk9rmy1hd8ck
[2026-10-01 22:14:38] cache miss key=ifodara6fmjt92pk
[2026-10-07 17:05:36] cron job finished khnyzjgrbffgkehn
[2026-10-03 08:24:56] GET /api/ping 200 gwl7be6062jmpopk
[2026-10-01 12:53:04] cron job finished ja8ok1quh6hvd1ik
[2026-10-07 10:45:41] auth ok user=prkoyffhe31b80yk
[2026-10-01 08:32:11] cache miss key=1d902y67a8w50lyo
[2026-10-04 02:04:38] cron job finished w23jwrq7nyebmq0z
[2026-10-05 11:56:56] heartbeat ea6zs3fxcq0l7tt0
[2026-10-03 23:29:21] cache miss key=2il5sitl6yol0dh2
[debug] attempted flag submit rejected: CTF{fake_56_nope}
[2026-10-08 07:25:29] cron job finished s8m3y8xj70nk6028
[2026-10-04 13:34:36] cron job finished eq8nogovaisc7n5y
[2026-10-01 00:42:03] heartbeat xze5jcr46e2xptwl
[2026-10-05 00:32:55] auth ok user=yshfftn8xovl05tn
[2026-10-07 16:15:16] auth ok user=rrjmpyfx1ldctik5
[2026-10-03 03:56:37] cron job finished 6oyzfphz5tjulzv3
[2026-10-02 03:27:13] cron job finished jaqdz0l1z9daie7a
[2026-10-04 20:47:03] auth ok user=dn0h8xvpyemrjr1d
[2026-10-07 14:46:56] auth ok user=begz70kbvy3kgx55
[2026-10-04 00:30:12] cache miss key=arxl61w0ey3bdpov
[2026-10-06 04:41:33] cron job finished 7m05lt77lshp4fcd
[2026-10-01 23:54:01] cron job finished yusjkc1zvg5nq2xi
[2026-10-07 03:34:58] GET /api/ping 200 env9pg9o9igyrno3
[2026-10-02 10:05:18] heartbeat h0utqx3z519cax1m
[2026-10-05 07:05:28] heartbeat 700jyecudi0kvhcq
[2026-10-06 06:28:02] cron job finished 6521nep1lli7aajs
[2026-10-02 07:08:46] auth ok user=eb9q4wa8mxsqwqpp
[2026-10-04 18:01:51] cache miss key=uu3q5w5tvwwp0vux
[2026-10-07 17:20:52] cron job finished iqkgaqaw153w978c
[2026-10-06 03:10:22] cache miss key=n5jdafl7auw4r704
[2026-10-03 17:39:44] cron job finished 57r5pudgilrjgtxm
[2026-10-08 20:51:32] heartbeat 7q1bo8x4x8iifgce
[2026-10-06 04:03:10] heartbeat nydn93ik9fvbgy5p
[2026-10-04 14:04:57] cache miss key=c49rlqp77as0il03
[2026-10-01 03:43:42] GET /api/ping 200 ooevcjgy6kr8qh41
[2026-10-01 22:39:13] heartbeat sszvzqw8scw7xkp6
[2026-10-04 10:30:34] GET /api/ping 200 25twqiu9frqw72aj
[2026-10-02 15:59:02] GET /api/ping 200 oflezmwtmjnqa848
[2026-10-07 06:43:26] cache miss key=e2jrk8y2d2gyxzkf
[2026-10-02 04:16:01] heartbeat 6r579uxsvfmrw19g
[2026-10-08 21:24:12] cron job finished n2xexcofyt1dbg8p
[2026-10-02 04:54:09] cron job finished w909lwiggwhywqhx
[debug] attempted flag submit rejected: CTF{fake_14_nope}
[2026-10-01 18:57:56] cache miss key=oh1ohxzaawfh3bxp
[2026-10-05 20:29:08] heartbeat 4bwcsjrxfbatv0fy
[2026-10-01 21:30:40] cache miss key=2umvaaa4pkvmxhh7
[2026-10-07 19:47:22] cache miss key=jk0qdvddn6uyy9k8
[2026-10-05 08:42:12] cache miss key=1zn4zjm73kvux7j2
[2026-10-03 21:18:47] GET /api/ping 200 ayoasmj3oir6gtii
[2026-10-02 10:44:02] heartbeat ij82l6rtlhkt5tfy
[2026-10-04 15:00:27] auth ok user=os7zf03oj1awdaos
[2026-10-01 03:06:37] cache miss key=35twgelyo2ft4vlj
[2026-10-05 04:52:39] cache miss key=d2vqeow3hqefrn0r
[2026-10-03 12:52:12] heartbeat o3balsk1vxif9o6u
[2026-10-07 08:40:05] GET /api/ping 200 hfbi1nak3osgm6dw
[2026-10-04 21:01:11] auth ok user=pph3f6gsrq0vn1p2
[2026-10-02 03:56:06] cache miss key=1h6pvikctqtcdeng
[2026-10-07 16:11:23] cache miss key=ihzgvghj77iseeos
[2026-10-06 03:25:20] auth ok user=3yogpkubkh7wgejp
[2026-10-01 12:09:04] cron job finished h5fv52abmifpm42t
[2026-10-02 14:50:44] cache miss key=sxc8wum6t08srb2g
[2026-10-04 04:15:21] heartbeat ggf3543xki69km1a
[2026-10-05 16:09:50] cache miss key=1nst4q84nmw217tj
[2026-10-06 15:34:13] cache miss key=r8q6qmd5l4uu6nne
[2026-10-01 07:58:10] cache miss key=gggty7nyph20rk2r
[2026-10-04 16:34:47] auth ok user=6hpic29lpndlzp56
[2026-10-06 11:01:34] GET /api/ping 200 j6gxeve53jkv1wwe
[2026-10-07 18:29:15] cache miss key=xe323z203ayf64pm
[2026-10-01 00:21:39] cache miss key=pfa1ilyg96q5wzdt
[2026-10-08 16:09:09] cache miss key=7evxny3ubnx6ebp6
[2026-10-02 02:14:22] auth ok user=g90wg7aqn4wlqxj4
[2026-10-04 18:02:47] heartbeat eeoz9p08w8x52b9b
[2026-10-08 00:39:03] cache miss key=gkaasulmk8786qkh
[2026-10-04 17:13:43] cron job finished 74vippawt3aueu3s
[2026-10-06 03:42:36] cache miss key=zhvobr1km7wz9cmg
[2026-10-05 18:28:14] GET /api/ping 200 0yqt7qv61rik536a
[2026-10-08 12:31:18] GET /api/ping 200 t0vwq1zz8regj8r1
[2026-10-07 07:31:33] heartbeat lwelatmkgvslj2kn
[2026-10-07 02:02:18] auth ok user=os8gecbwkyzuvda1
[2026-10-08 23:53:24] auth ok user=iq69z1k1ni1lpo0v
[2026-10-08 17:36:57] auth ok user=46a98lqz4uptbdhd
[2026-10-08 13:01:29] auth ok user=4x3od8lby4285qnr
[2026-10-07 10:01:49] auth ok user=1beiwobreqrrhqg2
[2026-10-08 03:06:19] cache miss key=9kotej11tsnantb9
[2026-10-03 17:30:59] cache miss key=e4cvt1obvzq2tjfb
[2026-10-06 10:57:42] GET /api/ping 200 gd1jud7f8qx2f1yp
[2026-10-06 04:49:45] GET /api/ping 200 7tj124ydq9jmqf8l
[2026-10-05 22:10:31] cache miss key=dx5i3ucxisq16eyl
[2026-10-02 04:58:09] auth ok user=jka8282zej9uf19f
[2026-10-01 06:56:04] cache miss key=vqtv4i2izwj9j3nu
[2026-10-02 03:05:04] cache miss key=zbkefu64t15dlovr
[2026-10-08 08:39:33] GET /api/ping 200 r4k61n7zt6fv8ijr
[2026-10-04 11:21:17] GET /api/ping 200 lv0mnnxhh0vawfyv
[2026-10-04 22:29:00] GET /api/ping 200 rhcckzrfd51fsoeh
[2026-10-07 10:45:04] auth ok user=181l8rrouw65i6or
[2026-10-03 21:31:57] heartbeat y406j5v8sflkq5c3
[2026-10-02 09:02:25] auth ok user=2b209j5fku4n9t3t
[2026-10-02 23:42:35] heartbeat ff8om96fy1u9862d
[2026-10-05 13:30:06] cache miss key=8aq0qq22vls4nyhk
[2026-10-02 00:22:53] GET /api/ping 200 d0iwzbghkgtpn4di
[2026-10-02 05:01:25] cache miss key=nasgqpbpr7bb6ski
[2026-10-03 09:11:11] GET /api/ping 200 fsjeg9mbq88ltk9c
[2026-10-05 12:18:09] auth ok user=uza2mub88gqnhaiy
[2026-10-01 15:13:40] cache miss key=tj9tqigmlzmg5r5n
[2026-10-07 17:23:02] heartbeat afek55ek48lwtae9
[2026-10-08 21:01:48] heartbeat vh3z9dfynmpesppa
[2026-10-02 18:54:51] GET /api/ping 200 z29jmc9e4lqsbfjt
[debug] attempted flag submit rejected: CTF{fake_16_nope}
[2026-10-03 22:26:08] cron job finished go8w2s9to26bozxe
[2026-10-01 11:36:37] auth ok user=febv1mim941gcshk
[2026-10-01 20:45:58] GET /api/ping 200 cdp8784jen9nuock
[2026-10-04 15:52:29] GET /api/ping 200 bs7gci6m7kbqm59o
[2026-10-03 17:53:16] cache miss key=w0v9q6etp2juip3t
[2026-10-03 18:27:21] auth ok user=u40mex3evrm4y7kx
[2026-10-05 06:17:03] heartbeat 060xxhiu8ldspt7c
[2026-10-05 10:27:38] heartbeat cepfy2gd55eruxri
[2026-10-06 01:15:33] cron job finished nbhgbg0e8g4zsxab
[2026-10-08 10:17:16] auth ok user=gac9eb4p52u4vbmg
[2026-10-04 02:36:54] cache miss key=4cl4z1x8ou8q7g6n
[2026-10-05 20:48:16] cache miss key=rm2zbtgic88wao0r
[2026-10-04 10:00:51] GET /api/ping 200 qjqwilhw0u5zac26
[2026-10-06 14:46:51] GET /api/ping 200 oyzlgeenrls0jjju
[2026-10-01 14:22:32] GET /api/ping 200 kkz0rkbz4p9973mw
[2026-10-08 01:13:13] cron job finished ebumdtlbg95sqg60
[2026-10-05 07:13:13] GET /api/ping 200 iry7l7166ckabik6
[2026-10-03 09:17:46] heartbeat htwjulpqtkxxchh7
[2026-10-06 20:07:15] cache miss key=um8a8o0olyg5bc1e
[2026-10-08 22:14:59] auth ok user=ks26rouyybiv6f4n
[2026-10-03 05:51:50] cache miss key=acgv9nlg7tzzwvtd
[2026-10-08 23:20:09] cache miss key=8n0qv3usmbowevx6
[2026-10-02 17:12:06] heartbeat 141zqpxq77revtxr
[2026-10-01 06:06:41] heartbeat fy6qesqt9yehgav8
[2026-10-08 06:46:38] GET /api/ping 200 yb4azy8xdqpu0qgw
[2026-10-05 20:52:01] GET /api/ping 200 0df5fwf0u7gzbsyq
[2026-10-05 09:25:56] heartbeat 16h4wbha65s9700i
[2026-10-03 12:56:12] GET /api/ping 200 ef5qpzc0z3x7wskn
[2026-10-08 20:07:10] GET /api/ping 200 870mqp84chgx0dgs
[2026-10-01 03:02:31] cache miss key=3ttkczxkh6vmrg5v
[2026-10-06 23:02:56] heartbeat 5qtkzquylazecrr2
[2026-10-07 16:38:00] cron job finished wa1in76b1ofsyrm5
[2026-10-06 11:45:23] heartbeat qwxwvh1oyxi8exsz
[2026-10-06 02:04:02] auth ok user=6sshs9rye2wubfxk
[2026-10-08 08:32:38] heartbeat ur33hprk6rmw69yj
[2026-10-04 00:31:40] cache miss key=9oh94ppv2gd8s5o4
[2026-10-04 16:00:41] auth ok user=cdnkloix5zzow71n
[2026-10-06 21:34:01] cron job finished vwhtvvqibtakcobi
[2026-10-08 01:49:53] GET /api/ping 200 qeiuj7cxnv8sej0v
[2026-10-05 01:42:49] GET /api/ping 200 gqt3l2hjbf3qyezl
[2026-10-03 16:14:31] heartbeat g9gfcycosmcihkkj
[2026-10-06 17:00:38] cron job finished x571k72bqr9vbles
[2026-10-02 14:00:00] auth ok user=ldbq71fmqiapu12w
[2026-10-08 22:22:49] cache miss key=gb4hr1xo7th5hh9x
[2026-10-08 18:30:26] GET /api/ping 200 uvdal92zdidcbm50
[2026-10-08 13:28:01] cron job finished lb347zv86shxfevh
[2026-10-05 07:53:03] heartbeat mov39n78v23l0bdm
[2026-10-05 10:21:47] heartbeat 8l6ymmwk33y49991
[2026-10-05 21:36:17] auth ok user=zz8ewxfg1lrymjk3
[2026-10-08 16:44:13] heartbeat muc6jr7s89qcz1nc
[2026-10-02 22:46:31] auth ok user=g2gyz0yvysibt9zs
[2026-10-07 12:32:58] GET /api/ping 200 83f05jkx96c3c810
[2026-10-08 18:55:01] GET /api/ping 200 7zzorvlhej9wb9ke
[2026-10-04 03:09:31] cache miss key=qa01qvy4jvbs6cyy
[2026-10-03 14:44:47] heartbeat 9cz9agy3ht71qx9i
[2026-10-06 22:51:46] auth ok user=njuq0aoz46xyhsdp
[2026-10-03 10:18:10] cache miss key=dknqdj0824bpzcmc
[2026-10-03 05:02:32] GET /api/ping 200 ddg30ablvwk3rkgy
[2026-10-06 00:05:14] cron job finished o23jby1e5k46fqnc
[2026-10-04 05:51:39] auth ok user=led291a8vajcqeiq
[2026-10-01 19:35:03] heartbeat psytsxthdxrwrmhg
[2026-10-06 08:30:28] cron job finished nlgvlnl3d1f8vijc
[2026-10-08 02:32:26] auth ok user=yfpufoutasmhjluk
[2026-10-04 20:20:27] cron job finished 0k5i9zgpi4t221gy
[2026-10-03 16:05:15] cron job finished goj4780kgnyhnpd2
[2026-10-04 02:05:52] cron job finished 0h3d4p6t1ixvpfww
[2026-10-05 03:44:31] cache miss key=0bi1abnu8x7hh79q
[2026-10-04 13:48:09] cron job finished aqqibb1zyzc7mma5
[2026-10-01 18:34:49] GET /api/ping 200 27znpcwvmfw05j0v
[2026-10-03 05:19:52] cache miss key=qdmoaqoq7ikxmdto
[2026-10-06 04:20:27] GET /api/ping 200 lc6j6prem8ay2296
[2026-10-07 16:17:21] GET /api/ping 200 kudjlgu6162uzplz
[2026-10-05 07:14:53] cron job finished x7twjn3ve7rla3bg
[debug] attempted flag submit rejected: CTF{fake_34_nope}
[2026-10-05 23:57:09] heartbeat pepbiuob1z1y79um
[debug] attempted flag submit rejected: CTF{fake_15_nope}
[2026-10-02 13:23:05] GET /api/ping 200 e2xd2vguoqu02trd
[2026-10-04 17:57:59] heartbeat a8w8jgpqsuu08xgt
[2026-10-05 00:07:37] auth ok user=6397usdf0kxn683f
[2026-10-01 07:45:39] heartbeat 26g85x97gg2gwjeb
[2026-10-04 00:56:51] cron job finished 5ig3v8g81n8vv0t6
[2026-10-05 23:11:35] GET /api/ping 200 gql7c12uvw12ictz
[2026-10-01 16:02:37] cache miss key=8xvkems7y55cls7s
[2026-10-04 02:29:45] cron job finished hbidg0202dr17xhe
[2026-10-03 21:31:11] cron job finished 0radh5aisjtd51kx
[2026-10-02 16:16:44] cron job finished jmg39fgblf1ofsb3
[2026-10-01 04:00:22] cron job finished tyyu1wa019akz9ow
[2026-10-06 12:06:34] cron job finished pm6zg73oxdrjvyka
[2026-10-02 09:27:56] GET /api/ping 200 ect0oygbqda0b6a6
[2026-10-04 13:06:24] auth ok user=a15m4ik993q1x0r2
[2026-10-02 14:15:51] auth ok user=da16dydvtodvjok4
[2026-10-04 05:58:57] cron job finished 933cc58ycyw607fq
[debug] attempted flag submit rejected: CTF{fake_20_nope}
[2026-10-05 10:07:20] cache miss key=wpr3fdk65d9ikc6w
[2026-10-04 23:22:58] heartbeat wp2uf3eqvy5xv2fr
[2026-10-08 03:31:49] GET /api/ping 200 jg7fy13iq8qeywki
[2026-10-05 18:06:58] cron job finished r01qtkqrp09qasvr
[2026-10-01 05:05:39] auth ok user=d1phpqg8dony7wk9
[2026-10-08 20:44:25] cron job finished b617z1j7a0e2mwbz
[2026-10-07 05:54:41] cron job finished d6wjk9i8jcvify13
[2026-10-06 23:22:12] auth ok user=2prciuxrz5gxfexy
[2026-10-02 17:14:12] auth ok user=qdkgwhgfczvqpyyz
[2026-10-06 17:18:39] cron job finished rx5nv0zn0sfydn34
[2026-10-08 13:47:55] GET /api/ping 200 bhv9u89t6009buqx
[debug] attempted flag submit rejected: CTF{fake_57_nope}
[2026-10-02 22:37:45] cron job finished aaba7i365tir5h9r
[2026-10-07 13:43:17] heartbeat 6hd7pyhcstnf9lny
[2026-10-02 18:35:14] GET /api/ping 200 lga7ybz4fq97skip
[2026-10-04 21:48:52] cron job finished o9sqe3kl6bnuvx92
[2026-10-04 12:58:09] cache miss key=uq71glxbdbwy1hh2
[2026-10-07 07:03:33] cron job finished gamp0vph1bzk9bcw
[2026-10-02 17:38:41] cache miss key=0dqu4n0499t7bfko
[2026-10-04 18:04:16] heartbeat s7xxena6t9b1op0l
[2026-10-03 20:06:12] cache miss key=n3jdh46je9ym2rgs
[2026-10-02 08:45:13] heartbeat wt3wy3ms4j5oao0f
[2026-10-03 20:49:58] GET /api/ping 200 vxec6cl5m0n4u16w
[2026-10-05 19:16:28] cron job finished vjrav3nhp0n9bs6z
[2026-10-07 13:57:43] cache miss key=0v866atn7likvghj
[2026-10-07 07:40:34] GET /api/ping 200 2l5u8sjsr342uvko
[2026-10-06 06:15:28] cron job finished gqnfrhuvd59480ny
[2026-10-01 16:34:55] heartbeat 0thlgmxcfc0ha7yy
[2026-10-04 20:30:29] auth ok user=puhcpol6sv89m6pg
[2026-10-02 07:20:05] cache miss key=l0thkplw42ay867t
[2026-10-04 17:06:00] cron job finished dq60fcqyncj6o1nr
[2026-10-01 19:52:58] GET /api/ping 200 y956oz3o6tup8e1w
[2026-10-06 06:27:13] cron job finished aj3o27cdvw6q63gu
[2026-10-05 10:40:29] GET /api/ping 200 xc5n2r0u5vbk3pln
[2026-10-03 00:47:28] GET /api/ping 200 d5j3h2g1kjuoxts0
[2026-10-02 12:51:05] GET /api/ping 200 ua9m2uo8fapjvxua
[2026-10-04 06:48:51] heartbeat rvsklqaehgj69egt
[2026-10-04 17:25:21] heartbeat z8d6pov22b7kj9hd
[2026-10-03 16:41:38] GET /api/ping 200 9aa4glg9k4dscyzt
[2026-10-02 21:41:11] cache miss key=wc1lap078q2ifb5v
[2026-10-03 02:42:21] heartbeat ah6bw2hgp6nadrrg
[2026-10-03 09:18:12] cron job finished 247gddi8xwgy5ohl
[2026-10-03 01:14:20] cron job finished gyh6j2v1965o93l3
[2026-10-07 01:37:50] heartbeat n0aoxrwax68ty7jz
[2026-10-05 14:43:41] heartbeat hdol8r6mve4brz44
[2026-10-07 09:52:00] heartbeat ylrwtxpla4vg9q1v
[2026-10-02 17:39:54] cron job finished ujuu4erb0yx7h0fr
[2026-10-03 03:40:33] cron job finished umq6y6xwnyrpmd40
[2026-10-01 07:54:22] GET /api/ping 200 rnt6gwjomg31rh7k
[2026-10-08 21:22:27] GET /api/ping 200 9talopp3j5hf1xfs
[2026-10-06 19:47:59] auth ok user=k5hydg531egwgdxq
[2026-10-01 07:53:32] GET /api/ping 200 gt3a66qqi78mzzxr
[2026-10-07 10:01:20] heartbeat 3tnxlx76c4i56z8p
[2026-10-05 04:29:01] heartbeat kb163qoxgyrep2uf
[2026-10-01 12:26:46] cron job finished jnkyftrden6frsw3
[2026-10-02 19:05:03] heartbeat gvtdgxtd4g08ycbu
[2026-10-04 04:23:18] cron job finished luifcxtdad9xx9ie
[2026-10-04 01:22:07] auth ok user=zn51r7fkecl6d048
[2026-10-06 11:47:23] GET /api/ping 200 575zh0twwtq829sy
[2026-10-03 22:47:52] GET /api/ping 200 21w2w8ob8eus7b25
[2026-10-01 02:08:25] GET /api/ping 200 d3pcyvnp1o2td12i
[2026-10-01 23:39:21] auth ok user=hfvkwu8a233knf5a
[2026-10-04 08:10:24] cron job finished 9xflb2gwesgrmq0o
[2026-10-06 02:00:10] GET /api/ping 200 fj8og0359tf9xxy0
[2026-10-05 19:17:33] cache miss key=fazeomea4yxr5owk
[2026-10-08 01:52:00] auth ok user=bkajotgu0f168kpx
[2026-10-06 17:39:39] heartbeat 5vw8zsijzr11mbui
[2026-10-06 18:39:10] auth ok user=yprqj55ea925hfy8
[2026-10-01 07:46:17] GET /api/ping 200 7ik5dzk0qha0082m
[2026-10-06 02:51:41] auth ok user=dia2zll9wm5wows7
[2026-10-03 17:36:53] cron job finished ktvc7hj73q1apo56
[2026-10-04 23:22:29] GET /api/ping 200 9r9hbgzmqgj2seii
[2026-10-05 17:10:11] heartbeat ttp5p0zquont2kwy
[2026-10-02 15:22:05] heartbeat 1difzxakl1ez2voo
[2026-10-04 22:11:44] cron job finished hhb9nskwp227ijmp
[2026-10-02 11:28:33] auth ok user=4dxu5h4rr8feee01
[2026-10-07 19:33:43] heartbeat 1oftyysv4rwvbv36
[2026-10-01 08:48:38] cron job finished f9lwzmfhxmadmn0a
[2026-10-03 19:35:33] GET /api/ping 200 ugllehq4amwd8ebi
[2026-10-07 20:34:36] GET /api/ping 200 3z1bhqpcd9tz1gl0
[2026-10-02 23:37:44] GET /api/ping 200 frhrsxc8lcdrgr4m
[2026-10-02 08:48:13] GET /api/ping 200 l154y8ggzb97cybl
[2026-10-07 15:07:40] GET /api/ping 200 7vwegrtyn6aur2mw
[2026-10-03 03:29:10] cache miss key=inufwi2yl4y0t2uu
[2026-10-06 10:21:19] heartbeat rrwqtoknkfub07un
[2026-10-04 19:50:59] auth ok user=1u2z2ycz2df7h6k2
[2026-10-05 05:06:45] heartbeat xidd0w75754agy9j
[2026-10-08 11:01:11] auth ok user=e7hs3ca1v8n0o719
[2026-10-02 03:01:57] auth ok user=0qogxo4w6oi0lqpy
[2026-10-03 03:09:00] cache miss key=qs4nxd54zwg5x3ey
[2026-10-01 18:55:15] cache miss key=6wjboz06ntid6w4k
[2026-10-03 17:15:05] cron job finished l5b5r4r6y41se4mo
[2026-10-07 05:36:00] cron job finished l6se1vc7pov1jh8p
[2026-10-06 09:39:47] cron job finished 2ej4qbxmgzwk7755
[2026-10-05 16:43:14] heartbeat bcxi0z7uqvpg8a2q
[2026-10-06 21:57:03] heartbeat s8hzbcbv4u0ejjlg
[2026-10-06 09:08:25] GET /api/ping 200 313ygj2m9bjbfrq8
[2026-10-06 07:20:02] auth ok user=01z4ul3hz0fwchmf
[2026-10-05 06:43:54] cache miss key=m75zanlae7uqqy6b
[2026-10-02 19:33:26] cron job finished yhrqyno9fgma6954
[2026-10-08 10:06:48] GET /api/ping 200 305xf75rtxi4ylpi
[2026-10-05 16:46:26] auth ok user=sshb98uyp0el4pu3
[2026-10-06 23:06:36] auth ok user=ku5ng13hyjb86iah
[2026-10-01 18:29:10] GET /api/ping 200 t8kohr7bv3pr4mf8
[2026-10-03 22:22:03] auth ok user=y69fakblwjbgn6ad
[2026-10-08 14:50:19] cron job finished rmh7kn5kecp4kat5
[2026-10-08 18:04:21] cache miss key=dam0kaumu1j953ld
[2026-10-02 00:22:51] GET /api/ping 200 rax24qr8j50mkyvz
[2026-10-03 03:47:36] auth ok user=vypgk2r0m21i0yrs
[2026-10-07 21:30:00] auth ok user=ps69dt4ldbl5oslt
[2026-10-06 05:32:30] cron job finished 5s0usy1r4m5nydjk
[2026-10-05 05:28:03] cron job finished urensu39yi84in1r
[2026-10-02 08:10:13] GET /api/ping 200 x4wrfktpwh4r45cj
[2026-10-04 03:10:37] GET /api/ping 200 4fb030ace8rkg21p
[2026-10-06 22:53:39] auth ok user=kxd6ts4llztr9y80
[2026-10-02 10:59:11] cache miss key=zy9a7sbp6dobk6ob
[2026-10-03 17:26:23] cache miss key=jzuj0xhu238p6x3z
[2026-10-02 19:07:04] heartbeat un2y7i5s1b8enex6
[2026-10-04 23:18:27] GET /api/ping 200 vph1gght9clfy4px
[2026-10-05 06:45:46] auth ok user=pv5nm213accn9o2g
[2026-10-04 03:35:16] auth ok user=6v1bizhb2gh4tw39
[2026-10-08 00:13:26] cron job finished 56lpr8c6m0sebnlp
[debug] attempted flag submit rejected: CTF{fake_0_nope}
[2026-10-08 18:15:15] auth ok user=plta1a6rsju3rbwx
[2026-10-07 08:56:12] heartbeat 7kvpj6ccikjd7yiu
[2026-10-07 14:56:54] cache miss key=6ptmz9gfbyawqgxn
[2026-10-04 10:32:33] auth ok user=9qdm5fsus36jxwy6
[2026-10-07 08:18:58] cron job finished 7i6u8oleoq6dlynt
[2026-10-03 06:22:19] auth ok user=798s10u326lmm3wd
[2026-10-05 13:32:37] GET /api/ping 200 dygy31nfdm4jw116
[2026-10-01 23:06:59] auth ok user=b0eg5aaqyo3ojotg
[2026-10-07 15:31:23] auth ok user=hgddq8rofixkuurb
[2026-10-06 15:32:55] GET /api/ping 200 jm55524of4yevj6k
[2026-10-05 17:39:55] GET /api/ping 200 ym852kzd0em5p6ty
[2026-10-08 01:49:04] auth ok user=rvaey67nwwe2ethc
[2026-10-04 05:53:15] heartbeat duy3o8nnl9jn3lti
[2026-10-03 02:53:24] cron job finished jvqq8zudk5lqulsb
[2026-10-03 18:35:58] auth ok user=drko2xnasrso6gkz
[2026-10-02 22:48:22] GET /api/ping 200 y7c97isafukn4af8
[2026-10-01 10:53:29] auth ok user=yow7m1sdclu6bj1p
[2026-10-05 14:30:14] auth ok user=ha2sj20okudza0gc
[2026-10-01 14:42:38] GET /api/ping 200 axp24kivs2qqrlqm
[2026-10-05 13:55:28] cron job finished bygeppm193xehr0g
[2026-10-03 22:24:48] heartbeat pm54615b683p901b
[2026-10-08 02:02:11] heartbeat cc4a61ye43fn92e3
[2026-10-02 02:08:51] cache miss key=1n36n70ky7t358pn
[2026-10-07 12:42:41] cache miss key=0irm75t1y6ejjq6f
[2026-10-07 10:53:36] heartbeat 5l9unndr4hcogjrh
[2026-10-06 05:55:07] auth ok user=vt34jf9i1pazvysl
[2026-10-08 11:20:11] cache miss key=tyhfytjxrp3uok3p
[2026-10-01 11:35:40] GET /api/ping 200 wc0jyf4uocmors1k
[2026-10-05 17:38:19] heartbeat xzjbzb61waasy8vw
[2026-10-03 09:20:50] cron job finished bk44v8wwj2ekji42
[2026-10-04 13:27:46] heartbeat z8w7vni0thsdm5hm
[2026-10-06 08:55:03] GET /api/ping 200 5ar9kt8dmfdpqi0c
[2026-10-08 04:36:08] heartbeat ic6u7m00sh42sxzu
[2026-10-07 10:37:51] cache miss key=vrrgf22mjcad69zl
[2026-10-03 01:35:21] heartbeat xs31bl76ffqut2jd
[2026-10-07 15:08:03] heartbeat m1a8irgnin8zdwwy
[2026-10-04 16:14:07] GET /api/ping 200 n420ddpcnqa5zns4
[2026-10-07 11:12:13] heartbeat 7vssinvgelyqumgv
[2026-10-06 19:06:30] cron job finished igho5jhc6yme9y80
[2026-10-04 16:01:24] GET /api/ping 200 ofg4usczzojfrt7x
[2026-10-03 00:12:11] cache miss key=sn7xt5bs234gwvty
[2026-10-06 20:11:47] cron job finished omi9yz74zsf3l0zb
[2026-10-07 13:55:06] cron job finished jjw1vly7z5inxnv1
[2026-10-03 04:25:09] heartbeat y9ihdj2oh298rqt7
[2026-10-02 21:47:12] cache miss key=704etbi574a8m0rm
[2026-10-04 22:21:22] auth ok user=7zsaczt1yqgrayft
[2026-10-01 14:07:01] heartbeat oxh7i6oypewzlol6
[2026-10-07 16:35:55] cache miss key=5xhksvdg60z57aij
[2026-10-05 12:11:15] heartbeat j2lhtpofb675hwpr
[2026-10-03 12:39:36] cron job finished zinbhawcilbvha53
[2026-10-08 17:37:28] cache miss key=qtjneqhbud62d30z
[2026-10-01 15:23:09] GET /api/ping 200 ir9dimfiq0dg3wle
[2026-10-08 14:45:12] auth ok user=fm2umn6267jq6fye
[2026-10-01 12:05:50] heartbeat tn5ya9n0n39n9297
[2026-10-04 12:05:17] cache miss key=i8uovde980vw3x1i
[2026-10-03 16:20:05] cache miss key=hv541aedwrtql7ko
[2026-10-04 17:31:10] cron job finished 8bz9xaflno96v56v
[2026-10-02 19:38:24] cache miss key=q8o79m2yp98807fu
[2026-10-01 10:40:29] cache miss key=08iwmp2qcwpwc4au
[2026-10-01 22:41:59] cron job finished vj68591vd386j9z5
[2026-10-01 04:43:04] heartbeat d8kpptfv6i92s4tj
[2026-10-05 17:15:24] heartbeat 5ou6sbfwuv2568r3
[2026-10-08 05:44:47] cache miss key=w52ix8egxpiofias
[2026-10-02 09:00:37] GET /api/ping 200 mfyxjrbwvf3v4oiw
[2026-10-02 01:31:43] auth ok user=aowq1vm97hnlb2l6
[2026-10-02 00:17:34] heartbeat 5t0823t5iiiu02zq
[2026-10-07 04:08:05] auth ok user=7vm8ajkcjss14e30
[2026-10-01 05:08:25] heartbeat 1mp77ri3j5llb7k9
[2026-10-06 10:00:14] cron job finished mprsagrta9e297xx
[2026-10-02 11:05:06] cron job finished 4sxitt4r6bmo5cyf
[2026-10-07 10:01:31] heartbeat g1s27htwp5tf4agm
[2026-10-02 06:46:07] cache miss key=dugph2srfwgyoelc
[2026-10-05 12:55:04] cache miss key=vr3d9xklm78i7aid
[2026-10-05 17:03:51] auth ok user=1zc6q155iv7q81a6
[2026-10-01 18:23:34] GET /api/ping 200 kd27jaxs3u3lewlk
[2026-10-02 10:16:15] heartbeat 7cty3wfv0tebnz2c
[2026-10-01 23:34:32] GET /api/ping 200 hwfg74n3hze4scw3
[2026-10-07 10:08:40] heartbeat l3atet1cju201bsk
[2026-10-05 11:30:05] auth ok user=l1g5sf9oiglzg0t9
[2026-10-05 12:52:38] cron job finished dwq7mtn925wo9bs6
[2026-10-03 23:32:29] auth ok user=ggwyu0jgyfzasgxk
[2026-10-07 10:06:01] GET /api/ping 200 azah32dhzq1ci728
[2026-10-05 10:06:29] auth ok user=qmwqhss957bhw3lm
[2026-10-05 23:31:19] GET /api/ping 200 djuir0unq0e3ik60
[2026-10-01 02:00:41] auth ok user=hqpl9zbea7b6qy1w
[2026-10-06 04:46:15] GET /api/ping 200 duqbfbbwzyalbsrx
[2026-10-06 12:03:03] cron job finished kriiw8jug9uz8wpp
[2026-10-03 22:37:21] cache miss key=x3seqdfpqyg3fnog
[2026-10-05 19:10:44] cron job finished e7kh7puh5g95he15
[2026-10-01 04:52:15] heartbeat eyk6xufkisxgfkio
[2026-10-08 19:07:01] GET /api/ping 200 huavsdbisxdu4wg0
[2026-10-04 05:50:25] heartbeat r04r1x7ehtu71nh4
[2026-10-05 20:29:34] cache miss key=hwkgfl80s0rkpw22
[debug] attempted flag submit rejected: CTF{fake_37_nope}
[2026-10-08 19:32:24] cron job finished 4w3jyznyjo71hukc
[2026-10-07 08:34:04] heartbeat l1l89jcombkalart
[2026-10-01 09:53:30] heartbeat 7qg0irfwlw15cwy5
[2026-10-01 22:11:35] heartbeat 2bwc7wmuzykt9mba
[2026-10-01 12:15:26] cron job finished mk6cvzewrtar7omh
[2026-10-01 06:13:49] cron job finished w0jgi037n0857yqm
[2026-10-08 19:36:56] auth ok user=f1mcddhl6j0rx3g8
[2026-10-02 15:07:26] cache miss key=wwwfbnu75nvxhbqw
[2026-10-01 21:36:24] cache miss key=gncthoeq60p24iz2
[2026-10-04 03:21:55] cache miss key=gmgtxskvo7uxkp42
[2026-10-04 14:40:43] heartbeat dw7anj1ffi779xes
[2026-10-07 13:29:45] auth ok user=gv1fcka6ra74gw30
[2026-10-04 11:15:01] heartbeat cnfrxi7ta6le92y1
[2026-10-03 18:35:16] cache miss key=52htbfxfgbunqvyp
[2026-10-02 16:49:29] auth ok user=c7t3b2t7jw5ft2g4
[2026-10-06 00:53:45] heartbeat sczv3nsnag83zb79
[debug] attempted flag submit rejected: CTF{fake_6_nope}
[2026-10-04 12:48:34] cache miss key=3ee5v0oo2q8tnsqs
[2026-10-03 18:36:06] cache miss key=uz4cjrtouluokb2s
[2026-10-03 05:48:57] heartbeat 9qrc6d3hayu7gt90
[2026-10-05 12:33:30] heartbeat rqz3s1n8at8czx8g
[2026-10-05 07:43:25] heartbeat po5l1cxiit22xhjo
[2026-10-05 05:21:42] heartbeat 5juajlmt3xs3jtnb
[2026-10-02 05:07:41] GET /api/ping 200 3netqvdp8gaq8v4q
[2026-10-02 07:29:37] heartbeat w0hd9zodv75hgqz1
[2026-10-04 05:24:39] cron job finished 8or13hbzs0zy3k1k
[2026-10-05 02:16:16] GET /api/ping 200 2vkyvst8tvx2mlh0
[2026-10-08 12:40:16] auth ok user=nc2htii5xvvrt1f7
[2026-10-01 20:06:39] cron job finished awxepq67jcu2jrs7
[2026-10-05 20:41:28] auth ok user=yxrx1yroo4d7cvnr
[debug] attempted flag submit rejected: CTF{fake_38_nope}
[2026-10-08 07:44:37] GET /api/ping 200 03am35zno1tocgoo
[debug] attempted flag submit rejected: CTF{fake_45_nope}
[2026-10-08 05:40:35] GET /api/ping 200 353ht07lh89j0erb
[2026-10-02 06:22:53] cron job finished td42x2qjbm2w5y0i
[2026-10-08 15:36:12] heartbeat 5zg2fom2v1cz3fis
[2026-10-04 13:57:24] cron job finished z2hixkhynou5dggs
[2026-10-03 14:54:36] cache miss key=1bxaswkvp6dklj0b
[2026-10-06 13:27:03] heartbeat ajpp9rjn187kglem
[2026-10-02 22:15:46] auth ok user=yb4eclygesb42m9a
[2026-10-03 20:45:21] cron job finished 2n0ubvel7nzbj8cu
[2026-10-06 04:07:07] auth ok user=ov914h7wlrv09s1l
[2026-10-08 18:46:45] cron job finished lb4rhfjovttfah9f
[2026-10-04 08:40:40] cache miss key=75p91tdibyl1fnkf
[2026-10-01 08:27:32] heartbeat kxqdz06rcb4rb2qm
[2026-10-05 10:33:36] cron job finished al1fqnxrsb3feg2f
[2026-10-02 10:34:07] auth ok user=px2wp7mvx5crrz5l
[2026-10-01 08:25:09] cron job finished 9qllv172nugkpmy3
[2026-10-02 18:40:22] auth ok user=e3rcqrox3pvzqsb1
[2026-10-05 16:27:19] cache miss key=h0xyb6pk17dgr6ja
[2026-10-01 09:37:15] heartbeat 9rh5i5j0nwfs4sra
[2026-10-06 19:20:37] cache miss key=f2npn7lr8yvcduoj
[2026-10-03 16:04:25] cron job finished 43tvg4v68ld25iv3
[debug] attempted flag submit rejected: CTF{fake_23_nope}
[2026-10-01 02:25:51] heartbeat podhrnco1bxfgxgo
[2026-10-04 21:59:49] cache miss key=e8z8o0s83wcbi1rp
[2026-10-07 15:43:32] GET /api/ping 200 n1mwks11akwncwhr
[2026-10-01 08:03:58] GET /api/ping 200 c31cki51m31jbaeb
[2026-10-07 03:02:49] cache miss key=o6lkjvuud5esw7yl
[2026-10-06 16:18:29] heartbeat d8bycwg0ypk9wia9
[2026-10-01 05:06:05] auth ok user=14rbk3115k3r2qhh
[2026-10-06 13:14:33] GET /api/ping 200 2841zgxfma08e1sk
[2026-10-06 03:27:33] cron job finished p9cpe9jdjt2p7ilk
[2026-10-04 21:55:05] GET /api/ping 200 buj2zsmb6ddh4blb
[2026-10-06 02:37:56] GET /api/ping 200 5h48p9116dtp7fpx
[2026-10-03 03:53:33] cache miss key=bmwbp5b0courms7s
[2026-10-01 05:06:05] auth ok user=3rnq7s0mvo59v21m
[2026-10-07 17:55:17] cron job finished zbi5eg8imzynhohn
[2026-10-07 12:13:50] cron job finished 7831x6062keasyeb
[2026-10-03 21:53:27] cron job finished 1846x5uqmyqyh0hc
[2026-10-07 03:37:38] cron job finished g7h5s6rboaqcglqu
[2026-10-05 19:12:21] auth ok user=tx7lsngxok22b60f
[2026-10-06 10:18:07] auth ok user=bacsm2cb5mx51muu
[2026-10-02 22:34:45] cache miss key=yzrspy66z9upeto3
[2026-10-04 04:17:58] auth ok user=pw8k9o24dhr2ybp8
[debug] attempted flag submit rejected: CTF{fake_22_nope}
[2026-10-04 00:00:36] cron job finished sp0j1dfyg818rmg2
[2026-10-04 21:44:39] heartbeat togakqiy36ocoanq
[2026-10-01 08:46:40] heartbeat cgisc3dlrmlqozj2
[2026-10-02 02:33:27] heartbeat htiq6v8fylgmsqs4
[2026-10-06 11:52:50] auth ok user=xjs67a7eerd0jjhy
[2026-10-07 00:27:05] GET /api/ping 200 mk7n3itl74fqnxhd
[2026-10-03 00:12:09] GET /api/ping 200 6u5vuss5ftdlegnm
[2026-10-01 02:16:18] auth ok user=qeflmjja6zibu1l9
[2026-10-06 00:57:09] cache miss key=8t2q6fmzieyobf1y
[2026-10-01 16:02:49] GET /api/ping 200 hkgpeuff4brszrta
[2026-10-02 18:02:50] auth ok user=t2hjhp8s44iultgu
[2026-10-07 16:08:26] auth ok user=zax9qve1dsmma2wu
[2026-10-01 04:10:32] cron job finished p4bmubqcemp946tn
[2026-10-04 18:06:14] cache miss key=lyi9ctf1mbz20ayf
[2026-10-08 21:37:36] heartbeat akeezv4karcy5a2q
[2026-10-04 23:23:40] cron job finished rhixhn80pkdud58b
[2026-10-06 16:52:49] cron job finished 1028qypuujiytqy2
[2026-10-08 10:05:28] GET /api/ping 200 lpnufv5c72jtto4f
[2026-10-06 08:02:43] heartbeat jn3wwi1wx2si5410
[2026-10-06 03:12:32] cache miss key=ywx7aglckqqb8tkz
[2026-10-01 17:32:58] heartbeat mo185cv3fyyajhe0
[2026-10-03 15:13:47] GET /api/ping 200 jmgbrn5trbpufzrb
[2026-10-08 00:58:38] cron job finished 2y6mkhpz53qxeowz
[2026-10-08 15:20:01] auth ok user=xg5qidaq08zogqfa
[2026-10-07 07:31:45] cache miss key=ds933zb0sy62y7r2
[2026-10-01 11:37:16] GET /api/ping 200 whdgqyw48bltcfop
[2026-10-08 06:13:13] cron job finished nmbj1fegqc2vm93l
[2026-10-05 21:36:50] cache miss key=xgy0z64awb1pwke5
[2026-10-08 03:21:41] cache miss key=i1jdxsmxak3t87zd
[2026-10-04 02:42:24] cron job finished mbh4n3hv45r56wbe
[2026-10-04 14:49:11] cache miss key=xc1shu5iiwx42w5b
[2026-10-03 09:59:43] heartbeat ni368fxdh3yb7r7b
[2026-10-08 15:25:04] cron job finished kxzgt994n75017ji
[2026-10-07 05:22:00] cache miss key=743sgvasiif6vzo7
[2026-10-06 11:05:52] auth ok user=7td9xinagdu965u0
[2026-10-03 07:48:23] heartbeat ybm3d25pck1wnr2v
[2026-10-05 15:24:15] cache miss key=gc7cy3lyx2rxm52i
[2026-10-06 05:40:48] cache miss key=0yzq5btlhi49rkuz
[2026-10-04 14:29:44] cron job finished 8d70mxwxn8sy21f7
[2026-10-06 08:56:27] cache miss key=bul6fvufabzaow9t
[2026-10-07 16:51:21] auth ok user=7z6jp37e81wotl84
[2026-10-01 15:10:27] auth ok user=273rv4o41vu3se59
[2026-10-04 21:39:01] cache miss key=l0dafwxuozrs6rzu
[2026-10-07 07:11:13] cron job finished 1uj0obvnajert1i7
[2026-10-08 12:52:05] auth ok user=2s2kqlnfw8qg8hq7
[2026-10-06 21:05:52] cron job finished w8up2h7pfqnbiee0
[2026-10-08 14:34:47] cron job finished 81bdvb6nnnp49n82
[2026-10-08 06:22:08] auth ok user=nxr4wm5slco6onrz
[2026-10-04 06:06:46] cache miss key=5w9da905hp0z62rh
[2026-10-03 15:57:45] GET /api/ping 200 1zh7vgncbiosxruo
[2026-10-08 05:48:06] cron job finished 288ey3rvrjt7wo5q
[2026-10-04 00:57:16] cron job finished 4urqyur4lcb1pxh8
[2026-10-02 08:25:41] cron job finished jh3apv2d5gbkgcfv
[2026-10-03 20:48:03] auth ok user=py74dn1roe4w5w16
[2026-10-06 00:35:25] cache miss key=olwtwm6p1ve7jl1e
[2026-10-04 18:59:20] auth ok user=6aengghalxd05x4q
[2026-10-08 09:41:02] cache miss key=u30fcszb3chchmka
[2026-10-03 02:29:43] heartbeat fu57qqqdr9g5eudo
[2026-10-06 10:42:53] cron job finished 87k36bjc40nos08v
[2026-10-06 14:31:30] cache miss key=aahtrdfi1zu3db74
[2026-10-06 22:37:40] GET /api/ping 200 y09su1rip2qbcnpb
[2026-10-02 00:43:34] cache miss key=q9grh7a6jn98itt5
[2026-10-07 19:14:35] auth ok user=t0shra9x0keeiw48
[2026-10-08 10:36:35] GET /api/ping 200 hj1dk3uwhuvvtvz5
[2026-10-03 03:51:47] cache miss key=q41b92llbb7g0ucy
[2026-10-03 10:08:24] cron job finished egd04i605bkg7rfh
[2026-10-05 09:49:20] GET /api/ping 200 la4uy2fwpmte9cxd
[2026-10-08 15:24:28] heartbeat 3nga4n6eecgdnsnf
[2026-10-05 02:51:48] heartbeat rlmaj7b5ldi9ym46
[2026-10-08 21:18:10] cache miss key=vwhlr5wyat7d9n2c
[2026-10-07 17:11:14] cache miss key=2h71m4spr95hlqz9
[2026-10-07 07:01:06] cron job finished g3xjyavzz2b9j0g7
[2026-10-03 08:06:33] auth ok user=a94d382glgheway3
[2026-10-01 05:59:15] GET /api/ping 200 c2g4ci35aheox0wy
[2026-10-02 20:33:23] auth ok user=jb9fiy046iqncaer
[2026-10-01 06:31:58] cron job finished 8fm1xkls7hp2bj59
[2026-10-02 07:23:19] GET /api/ping 200 4bbwyj02ykujl6d1
[2026-10-01 11:18:35] cache miss key=smvsh55mt5eepr72
[2026-10-02 07:02:13] auth ok user=xdzh6sihlh71txs6
[2026-10-08 02:10:31] cron job finished bidmvopyzoxy0att
[2026-10-06 10:59:11] heartbeat wt75n8qnwe0hml4z
[2026-10-01 07:37:31] GET /api/ping 200 7jf2ozp9tnxb7c8u
[2026-10-01 13:34:16] heartbeat pzt4mukfogk5bmfh
[2026-10-08 19:00:09] cron job finished 9ry0380nx4qvikbg
[2026-10-05 07:19:45] heartbeat tsaanj8mmyomsvic
[2026-10-03 18:46:52] GET /api/ping 200 9sc5d38c7ewrgvik
[2026-10-02 22:05:43] GET /api/ping 200 1nt9wls5mytmdjc7
[2026-10-03 22:16:55] auth ok user=mpotj6irbehuknoo
[2026-10-03 02:41:55] cron job finished xru13xy8idn83ug5
[2026-10-07 23:36:03] GET /api/ping 200 jsqqqz1va74b0jwt
[2026-10-02 19:56:20] cache miss key=vcb6msvc5u3ub0ti
[2026-10-07 17:54:26] GET /api/ping 200 rfwu7rmc2tnz7828
[2026-10-04 04:02:45] cache miss key=j0ck1ak548zwdyu7
[2026-10-06 16:33:19] auth ok user=0rkolbcfgsjul6zn
[2026-10-06 04:53:50] heartbeat epxwcqj4asjcqckr
[debug] attempted flag submit rejected: CTF{fake_48_nope}
[2026-10-04 10:13:46] cron job finished 3nato09246h0rcqs
[2026-10-08 08:05:17] heartbeat a5zijn42lx1343k0
[2026-10-05 15:38:21] cache miss key=jbgydv8rfhobxa9j
[2026-10-01 08:22:52] GET /api/ping 200 efg9n64s09dh5fqe
[2026-10-04 05:16:30] auth ok user=1xy29z6h8702ltqa
[2026-10-03 18:36:42] GET /api/ping 200 sdvpb9tblx66zaz5
[2026-10-02 04:07:41] heartbeat qoh1v498vlpqjt0s
[2026-10-02 05:28:30] heartbeat fqdotu26xgg044rn
[2026-10-06 20:50:39] heartbeat rkaiy6or7xs4on71
[2026-10-03 00:33:05] cache miss key=qqheh3ffgyoauv6l
[2026-10-05 03:27:19] heartbeat 1t8hdw6ybad2sisq
[2026-10-07 14:07:09] cron job finished kvz0u2cjzkjsnac7
[2026-10-01 18:21:19] auth ok user=1a69vxv7jvb0woue
[2026-10-05 04:34:15] GET /api/ping 200 gpawdyeym7q43hld
[2026-10-06 23:23:07] heartbeat rznnq5950ce9p5vh
[2026-10-03 10:15:48] heartbeat p1r7iq8c88jt6emk
[2026-10-01 00:01:38] heartbeat bzy1z593e1uqpzfy
[2026-10-02 21:07:03] auth ok user=r7bk4lxfqk52rewm
[2026-10-01 17:43:18] cron job finished beb20w5oc4j58crd
[2026-10-01 15:13:43] auth ok user=neanhfkuxvk9nsdi
[2026-10-05 11:17:52] heartbeat 48smo3wur3a53wwy
[2026-10-01 13:19:02] cron job finished 5066jv3jc281dzl9
[2026-10-03 17:10:33] GET /api/ping 200 znpbcxy0do9xhtxs
[2026-10-03 12:51:33] cache miss key=1g4hjeqka6fhl7pz
[2026-10-08 14:26:55] heartbeat tz0vteci63tf8oye
[2026-10-05 15:57:46] GET /api/ping 200 dxcl62umunfghvt5
[2026-10-01 14:21:56] cache miss key=ow7b8m9s0wbgpusp
[2026-10-03 01:33:12] auth ok user=akozi48knp11ex4k
[2026-10-05 08:39:12] GET /api/ping 200 xyt8jpksg9m1o14t
[2026-10-03 19:25:04] cron job finished gyigxg4r4ou4dize
[2026-10-01 02:47:19] auth ok user=zjmdfrdkpxwzbhjc
[2026-10-03 22:53:28] cron job finished qtzvm8zs4iturkj2
[2026-10-05 16:03:11] GET /api/ping 200 hgvel0461x5lha3b
[2026-10-01 06:46:29] cron job finished 2wd0lx5vjmr6yeba
[2026-10-01 17:55:13] auth ok user=a6u7sg0dno7xszm1
[2026-10-06 12:00:02] heartbeat 9q923rye6qfg4ncz
[2026-10-07 14:00:30] GET /api/ping 200 8bnjhjzvv0c44zk7
[2026-10-05 13:44:06] heartbeat bva15iaxdre2u6c7
[2026-10-07 00:33:02] cron job finished djf0c3yhp91a4lj0
[2026-10-08 12:30:08] GET /api/ping 200 4vxtugec2wdm8iwt
[2026-10-06 22:50:43] cron job finished 4w11xdfk8e80zn2o
[2026-10-08 09:14:19] heartbeat bxqku2hjqkgyf1y9
[2026-10-01 02:17:22] GET /api/ping 200 ugctuu2p8uqzu0v6
[2026-10-08 13:29:18] cron job finished 1f235nuezskwfxwl
[2026-10-01 05:02:40] GET /api/ping 200 mii4olat0ihevtdr
[2026-10-06 23:25:30] auth ok user=iewsrw19z78iz6p4
[2026-10-04 14:55:39] cron job finished hr0jys4nxtufiaa5
[2026-10-01 07:58:39] GET /api/ping 200 agxf97u9lwibxec3
[2026-10-01 01:13:20] cache miss key=7etmiuja2jnrnsqp
[2026-10-06 11:55:13] GET /api/ping 200 2ylip3eemunc4wu0
[2026-10-05 13:06:54] GET /api/ping 200 bm7tw5qwgv2hcmbq
[2026-10-02 23:34:26] heartbeat 69i888mtgfo4g7wl
[2026-10-07 12:50:02] auth ok user=wvm00zz2aa9v29s6
[2026-10-03 04:14:42] GET /api/ping 200 uwoqw3c5qsukyvba
[2026-10-06 12:38:19] heartbeat gao9qzihxn406yv5
[2026-10-06 00:36:13] auth ok user=lu9511zb89dkhst7
[2026-10-04 10:41:25] auth ok user=s9civmp1fkxkou2j
[2026-10-03 04:44:09] cron job finished g4tl4rm0fftieegl
[2026-10-04 07:31:36] cron job finished 4e6kqvw943ortz4j
[2026-10-05 12:58:59] auth ok user=9l5zbw303o53tjy6
[2026-10-06 00:16:59] cron job finished yu03l0qq28tzyw81
[2026-10-07 10:28:04] auth ok user=mv9mbwuizp4xkagi
[2026-10-07 18:02:23] GET /api/ping 200 znbdy17bxmeo92xp
[2026-10-07 17:47:30] cron job finished 5ucz5u3imk43kjgd
[2026-10-07 00:36:49] GET /api/ping 200 u2tpvxb9e6w7ptkl
[2026-10-02 21:27:29] auth ok user=n98caoq4jpsz1sdk
[2026-10-05 00:30:10] auth ok user=lr3kt6dmlhfofaps
[2026-10-03 14:27:21] GET /api/ping 200 ft4qx3dut5zwrcek
[2026-10-06 08:53:31] GET /api/ping 200 z5dtth33o8prdlfp
[2026-10-01 11:32:02] auth ok user=t6rjoplseeu6k4y5
[2026-10-05 02:25:22] cache miss key=jhth37t0ehcn9mlq
[2026-10-06 14:46:23] GET /api/ping 200 t2c695cze8h12cln
[2026-10-02 04:37:20] cron job finished w71v6jfdnzelx21j
[2026-10-03 00:08:31] heartbeat x7m7ubsuwskyedcm
[2026-10-05 03:05:07] heartbeat 4kc9f1rnyzyra3sb
[2026-10-06 16:35:07] heartbeat nojsuk3ixe0zicgk
[2026-10-07 12:47:13] heartbeat umr2u2r7inkuejz1
[2026-10-04 01:21:23] GET /api/ping 200 kaqwsuqdippxzfyr
[2026-10-04 18:17:08] auth ok user=a7xkjeqzhz18dozs
[2026-10-04 20:22:34] auth ok user=5h8jkahz51wgpt28
[2026-10-05 09:40:24] auth ok user=xm5wl8fuzycmi5xk
[2026-10-01 05:43:20] GET /api/ping 200 4upkq96l5hydo9r2
[2026-10-01 23:23:20] cron job finished h0jy6h8y3ikps3ir
[2026-10-06 13:39:24] cron job finished w25pbmba49t95jg9
[2026-10-04 09:55:41] GET /api/ping 200 mu31rle3nbfnv359
[2026-10-08 13:37:08] GET /api/ping 200 jqr28hia2tydkzqs
[2026-10-05 18:00:47] GET /api/ping 200 80rl4z1p01iq5xlm
[2026-10-08 11:45:05] cache miss key=9qbfamstv8h9qwkv
[2026-10-08 05:33:18] heartbeat zn6ugfpph92b1wlo
[2026-10-05 17:19:55] cron job finished m52u0mgcmsyse0zt
[2026-10-04 04:08:34] auth ok user=mdhmo2put654pqgi
[2026-10-06 03:41:15] cron job finished uf573yqkunprgzve
[2026-10-07 10:33:25] GET /api/ping 200 qgkqlxzxg4sqqggn
[2026-10-07 05:15:23] cache miss key=29bsen1qrst87mbp
[2026-10-03 23:46:02] heartbeat im6colosf50gk6gp
[2026-10-01 19:08:54] cache miss key=3gab45ac4gwurtfz
[2026-10-07 23:34:31] auth ok user=mz2nrtrzto79m9d5
[2026-10-07 09:51:52] cron job finished 2t4yu9994e270var
[2026-10-06 00:53:36] cron job finished xmgxvgws6r96sgy8
[2026-10-04 16:31:33] cron job finished 4uh3gfova78bvk9z
[2026-10-06 19:29:56] heartbeat zaxp4gb3smueax7l
[2026-10-01 03:08:24] auth ok user=zi33w57vqhqb3wt1
[2026-10-01 23:30:48] heartbeat 2hoovefsih74bjxe
[2026-10-03 16:16:58] auth ok user=iudkqvann3cusr5l
[2026-10-05 08:15:25] GET /api/ping 200 8tq27rtkdhd180qk
[2026-10-08 05:00:57] cron job finished 186rnwq98ehkz3xd
[2026-10-03 21:51:50] cron job finished 5e8a9suxx1o4vgmo
[2026-10-07 10:48:58] heartbeat 1brgpawr2jslzsat
[2026-10-04 20:16:02] heartbeat z2qvpgdei3uiqnmv
[2026-10-04 16:33:59] cache miss key=dj7jqxuay2f8h5al
[2026-10-03 08:49:10] heartbeat r8xzirghln7q0b3i
[2026-10-04 16:36:40] cron job finished qkz3fmepoedhsdou
[2026-10-05 11:38:40] auth ok user=9hd2ugsm6o1fugzb
[2026-10-06 04:16:57] cron job finished bmme2hwvg40iqgdh
[2026-10-07 12:57:36] auth ok user=lxrqxln3a5mclpq4
[2026-10-08 12:12:19] GET /api/ping 200 az7rmo9n2qx0bpsq
[2026-10-03 11:24:54] cache miss key=tdeylns8ov1ribpc
[2026-10-06 22:39:19] heartbeat 3fu3q96si9r1f1gt
[2026-10-02 09:06:30] auth ok user=c03dys9wqmk6xgmp
[2026-10-01 15:12:45] GET /api/ping 200 eh9vlb06a1cufndn
[2026-10-02 06:59:43] GET /api/ping 200 vk21urrz6z3vql04
[2026-10-06 05:01:11] auth ok user=a4uhhreo8ipldwph
[2026-10-04 03:07:50] cache miss key=5i7lavfc4lnjqbce
[2026-10-04 05:48:04] GET /api/ping 200 kdi988xjpq0z1cj9
[2026-10-05 02:25:43] heartbeat k0g19rd9fyz9oc0b
[2026-10-06 02:03:33] cron job finished jrs7u08g21395t3y
[2026-10-06 09:06:28] GET /api/ping 200 7prmwp1dbklpiua0
[2026-10-04 22:44:24] cron job finished y3krp3t5mfjqxqok
[2026-10-01 02:52:02] cache miss key=xsaxwx5xgd3dvuu5
[2026-10-04 00:06:24] heartbeat 3qq5uazwrowr3t0f
[2026-10-04 04:20:27] cron job finished dgnh3dtvec6nb5ha
[2026-10-02 18:53:23] cache miss key=34314khlmtfvhaij
[2026-10-02 00:08:25] heartbeat ekcevv4takqt2s5l
[2026-10-01 09:46:27] auth ok user=6kl4jq56bixno4nb
[2026-10-03 14:09:24] GET /api/ping 200 58aqewjra2mdilqd
[2026-10-01 19:02:31] auth ok user=3dtblvd4k86l88k5
[2026-10-08 23:42:14] heartbeat 90kyobhuu2qnq8in
[debug] attempted flag submit rejected: CTF{fake_43_nope}
[2026-10-08 22:58:03] auth ok user=gba8w8w1cnim7zja
[2026-10-01 03:56:36] cache miss key=spoi9r10s1phj1c6
[2026-10-06 01:29:29] heartbeat cxxqsppab3xo9n93
[2026-10-08 23:21:55] heartbeat egdsn9r1b3oyec1q
[2026-10-02 02:48:06] cron job finished 720q2p4hfbruynxx
[2026-10-06 08:13:52] cron job finished tehlrk3lp20l25r5
[2026-10-03 01:26:17] cache miss key=8ri5vmadb6esg4c2
[2026-10-06 13:57:28] cache miss key=kgsne30k7ku6gtxo
[2026-10-04 01:41:42] auth ok user=rwx4w1pwfjltyrg3
[2026-10-08 11:52:59] auth ok user=r8tjltzb9dh3cwco
[2026-10-06 10:28:19] heartbeat 84mv8ttdjn0n4g9z
[2026-10-05 22:37:14] cache miss key=44la28of3sduuptx
[2026-10-07 22:49:26] cache miss key=uhel4nefrvur8g8i
[2026-10-04 14:43:38] cron job finished tj5sc8o4jmw3h34t
[2026-10-03 00:16:02] cache miss key=pkhp66wlo0cvhor9
[2026-10-07 11:43:43] cron job finished up1mzdj1l7qursev
[2026-10-08 07:28:16] heartbeat gnyxk8swc05vzsn0
[2026-10-01 19:51:36] cron job finished qw3dkwz2dbr5cy4y
[2026-10-01 23:38:01] GET /api/ping 200 88pjagg5w0ghpoti
[2026-10-05 07:51:36] auth ok user=q3mf1tj2olvwwpb4
[2026-10-02 22:50:30] heartbeat khejtyv7ehnajye3
[2026-10-03 18:49:13] cache miss key=1y7sh9z4es0jvcvw
[2026-10-01 04:35:13] GET /api/ping 200 wh24smg43aq96zvf
[2026-10-04 08:09:23] GET /api/ping 200 foboaeh3gfvm4arq
[2026-10-04 22:13:10] auth ok user=4yvynbpwc6894o3j
[2026-10-02 13:48:05] auth ok user=wa8y7v83ta3s7rro
[2026-10-06 07:29:12] cache miss key=0lejucjkrg5a3dd0
[2026-10-07 08:43:01] cron job finished yenybe413wi2wij9
[2026-10-01 14:01:48] cache miss key=ea4dxxo4ve387t5g
[2026-10-07 08:12:48] auth ok user=v5mc7mytrbr4p1ah
[2026-10-05 10:43:31] cache miss key=0g5a1etr0xlre7mw
[2026-10-02 06:51:12] GET /api/ping 200 pzgodisfzroc4iay
[2026-10-06 01:13:55] auth ok user=tz18878ippv9b2ov
[2026-10-08 13:58:39] heartbeat di6wamq1hrhma11o
[2026-10-05 12:48:29] cache miss key=hj6zx2tprl20pjyb
[2026-10-01 08:45:28] auth ok user=r5nd7xs99j7jrm2a
[2026-10-02 09:05:37] heartbeat 3ug684ji3lcp5m7r
[2026-10-04 18:01:26] cron job finished z0xbttginzb7yjg3
[2026-10-07 22:23:58] GET /api/ping 200 pr85fsf1mxh0pele
[2026-10-02 08:58:31] cron job finished dd24b673f4i6c7gc
[2026-10-03 10:53:50] heartbeat 3jbv78bu2x5dk7hf
[2026-10-08 13:08:56] cron job finished mevg97l2cif0ymg4
[2026-10-05 02:12:20] cache miss key=h1w9hgmx42mfnyk9
[2026-10-07 21:59:34] cache miss key=tauy4wwa2ig4ooem
[2026-10-06 22:28:07] heartbeat mjqtp6lj1w9cvnot
[2026-10-04 02:40:44] heartbeat 31x1hjwj16llcjqb
[2026-10-04 12:49:43] cron job finished kprxnq3w48bxg6f7
[2026-10-04 04:16:54] auth ok user=ztapap0aiqgfq3v2
[2026-10-03 13:04:01] heartbeat 3jmz0ovwh1nftyt5
[2026-10-04 03:30:49] auth ok user=e9kzy3x2a5w0ha9h
[2026-10-05 19:59:14] cache miss key=0kt5lfix3u3i8xac
[2026-10-03 23:30:12] heartbeat bbmqd33y42ryi41y
[2026-10-05 15:05:32] cache miss key=7s6ytw09hrtl781z
[2026-10-08 23:40:01] auth ok user=he21ponmo7ndh8v2
[2026-10-07 13:16:58] GET /api/ping 200 inthw4i0wf21q4h4
[2026-10-08 07:53:46] cron job finished jae21x1m9lh0m153
[2026-10-07 07:14:09] cron job finished wqd6akwh2kguxfjw
[2026-10-01 05:37:15] auth ok user=1a605dgxjun66peq
[2026-10-08 23:59:46] cron job finished psx5pbdlccbnlvqq
[2026-10-02 07:22:07] GET /api/ping 200 0ytlwdp8su2gjbw2
[2026-10-04 01:00:30] GET /api/ping 200 40rqzaj78loo67vr
[2026-10-03 07:50:04] cache miss key=hj024uzjejl20siy
[2026-10-01 00:25:38] auth ok user=dcwipdpj98aomvxw
[2026-10-07 17:40:52] cron job finished g8xh34kxvdn7yawk
[2026-10-06 14:13:08] heartbeat ggeuep8b0d6tb5jz
[2026-10-05 03:43:59] cron job finished 53ztr798kuv07t6k
[2026-10-02 04:24:02] heartbeat yvarkgupa9y0znt6
[2026-10-01 01:12:29] auth ok user=adna6ye3ftznxlis
[2026-10-01 15:35:47] cron job finished txxi5rz4eg3lsrcj
[2026-10-05 04:32:10] heartbeat t1qmwwvvhi8suxs2
[2026-10-04 10:54:55] GET /api/ping 200 tupnzylbcfzc572i
[2026-10-06 17:42:55] cron job finished 3oftw03rxycr1s78
[2026-10-01 00:56:04] auth ok user=g6gcfe3v7jltrk16
[2026-10-04 01:38:42] cache miss key=0i7wmm0yg6l0ykn3
[2026-10-07 15:11:57] auth ok user=db9zqiw9ouo19t58
[2026-10-06 13:37:58] heartbeat c4bjiy099ub2aoij
[2026-10-07 03:04:02] heartbeat 7j3ocyujw6fxassy
[2026-10-01 04:52:14] auth ok user=nuz2znnvpeh3wqyw
[2026-10-03 23:13:09] auth ok user=ns11ed43651uufyv
[debug] attempted flag submit rejected: CTF{fake_36_nope}
[2026-10-06 05:57:21] cron job finished z7cc3cip29kuw6ci
[2026-10-02 12:20:11] cache miss key=5s1c5e2f95f8r2vs
[2026-10-06 17:27:02] GET /api/ping 200 mr0yeatb88v02skp
[2026-10-06 08:50:48] heartbeat aedb48g7jx3ur1wr
[2026-10-06 18:18:16] heartbeat 1kl1glbbpzwdam8h
[2026-10-01 22:12:41] auth ok user=t14uf4zt7zk21mav
[2026-10-03 00:20:08] auth ok user=4bbotafwrvzbdx1e
[2026-10-06 23:40:32] GET /api/ping 200 1u8z0hsv48s9d5ri
[2026-10-04 06:48:18] cron job finished 7qd1r4aj1xb0ublc
[2026-10-05 22:31:36] auth ok user=038mqu1jh6hjai85
[2026-10-01 06:59:50] cache miss key=8wkpvp35htkx89wp
[2026-10-08 16:08:46] heartbeat a9891za22qd379bi
[2026-10-05 14:57:04] cache miss key=fkjag0htzyzvmn0a
[2026-10-05 04:20:12] auth ok user=lmpvcmy740gtcket
[2026-10-05 14:47:12] auth ok user=zyue2p4ee3n443ko
[2026-10-01 22:42:30] heartbeat boqmkumoofenszix
[2026-10-06 12:33:11] cron job finished aj90se562fzukdvj
[2026-10-08 17:07:42] GET /api/ping 200 sst3pchdoka854r6
[2026-10-02 12:27:47] cache miss key=wyw2jnvpjnzdm0aq
[2026-10-04 06:03:49] GET /api/ping 200 vr0zlff679pe626p
[2026-10-02 10:09:35] cache miss key=i6ndlmuw1ssb39ra
[2026-10-08 18:07:54] cache miss key=cm2f4f5ymp5wp9ar
[2026-10-03 10:58:08] cache miss key=srasjpjohk5b0zc7
[2026-10-07 17:46:24] cache miss key=1b9coxf74gpgwq3a
[2026-10-02 22:59:07] heartbeat iqjc2qxgrd6y16sc
[2026-10-05 02:54:06] cache miss key=hhged4uk0zz3uc3x
[2026-10-01 03:36:28] heartbeat bil270gxxds83fjv
[debug] attempted flag submit rejected: CTF{fake_18_nope}
[2026-10-07 19:51:32] cron job finished t2lwzl8ide0pcz0x
[2026-10-04 07:37:39] cache miss key=mgwjbv4gbuosgdvw
[2026-10-03 02:50:39] heartbeat t09pj8xefimdt7di
[2026-10-02 19:48:44] heartbeat z1fg6a1j26p2f8jh
[2026-10-05 21:54:07] cache miss key=k4t7gmh5je247grp
[2026-10-01 05:08:34] heartbeat c9uobghefc516uth
[2026-10-04 04:33:19] cron job finished ful0r0qkx74x86uc
[2026-10-06 10:15:47] GET /api/ping 200 40810jllzcqlv8ad
[2026-10-04 23:07:58] auth ok user=5jp3s8oikdfo4z9j
[2026-10-02 16:06:45] auth ok user=s4i99qpv2mp5vb7x
[2026-10-08 06:00:22] auth ok user=fgj6481etqe8r0da
[2026-10-03 07:52:34] heartbeat 1b697aa4e31q4wmh
[2026-10-03 09:45:29] auth ok user=7s5zqcqm9fdnmf58
[2026-10-06 05:26:42] cache miss key=qiopvz8ovn3l8dfk
[2026-10-07 16:57:23] cron job finished vjlclm6yun2jq5gs
[2026-10-03 12:25:35] cache miss key=7wjtztc4inm8vn70
[2026-10-07 07:52:30] cron job finished 579g33l2lo15peyc
[2026-10-02 03:10:07] cron job finished yrbjfx0isuf4zy86
[2026-10-03 04:25:56] heartbeat gv9b29agpzrgviby
[2026-10-07 10:54:45] cron job finished dsi9or986llcklnd
[2026-10-02 08:27:47] GET /api/ping 200 eczizmrw90aehtqi
[2026-10-04 23:13:24] GET /api/ping 200 ew10nioo9gty3jgn
[2026-10-02 21:00:34] cache miss key=rxvt2d6udsvc89jf
[2026-10-01 05:34:44] cron job finished r67b9vol8tpgnjxa
[2026-10-02 17:25:55] cron job finished hbvgue76az2tqy5i
[2026-10-06 10:32:12] cron job finished xs9rlk2tnc05fqnn
[2026-10-01 01:06:02] heartbeat neiub09e7rhsqnht
[2026-10-07 12:38:44] cache miss key=2cre13ke5mcgj99d
[2026-10-08 07:26:27] heartbeat iy3w4tdpm1czl4tn
[2026-10-02 07:11:51] GET /api/ping 200 4sgpz0c3niaumhat
[2026-10-05 18:51:30] GET /api/ping 200 55f4i3w3ivn2etkf
[2026-10-08 19:44:17] heartbeat wenz7y36kgemp7bt
[2026-10-01 00:21:45] cron job finished vepz16gdq979vze3
[2026-10-08 06:38:49] cron job finished gqq3s2fdqupf7zvv
[2026-10-07 01:00:18] GET /api/ping 200 inmpl5mq778qdudk
[2026-10-08 09:33:02] heartbeat uj1o5bn47fvqg0xu
[2026-10-08 13:29:38] heartbeat yyxexzhwzizza5x8
[2026-10-04 10:57:54] cache miss key=riae6jci8kntlvvj
[2026-10-02 08:41:37] GET /api/ping 200 glpgypbdlutfr3dm
[2026-10-08 16:36:24] cron job finished 45jjp0qy4tvvnf4r
[2026-10-05 06:54:45] GET /api/ping 200 uapyqh7vmh7t2j7c
[2026-10-05 19:26:24] cron job finished 3pbfxwqxympf9c5f
[2026-10-05 22:13:50] auth ok user=mqsu4u3dhbrfu61n
[2026-10-01 23:07:43] auth ok user=g27myv99kvm3anbm
[2026-10-08 01:36:00] auth ok user=wd80eg63ibuoe3vr
[2026-10-01 12:29:47] GET /api/ping 200 tlhzl0u57kzaxy0z
[2026-10-05 15:17:27] heartbeat xekwxw1uhct8opfx
[2026-10-07 18:21:31] heartbeat pzr5nrsuxr7w90n9
[2026-10-04 08:02:29] cache miss key=l8gdc6luawh9cu9w
[2026-10-08 02:37:57] heartbeat 8fc77we9702cxz5z
[debug] attempted flag submit rejected: CTF{fake_17_nope}
[2026-10-08 23:53:31] cache miss key=5s1ptdjmhgvqzs4h
[2026-10-07 04:02:44] GET /api/ping 200 akj47m5c3a0k94x9
[2026-10-06 05:37:32] heartbeat hubu75qjdrsv26sv
[2026-10-03 23:05:21] heartbeat zduv84a0pu7cjzsw
[2026-10-07 06:06:50] auth ok user=rsh5cxadzrnwztee
[2026-10-07 10:07:07] cache miss key=tlfwy8y2kxcal1xc
[2026-10-06 09:56:26] cache miss key=wzb58ki49g5q4tg7
[2026-10-02 18:22:27] cron job finished dmmx7si58x0hlq3o
[2026-10-07 23:30:18] heartbeat gl8gdesud4ccw3mi
[2026-10-06 21:18:24] GET /api/ping 200 j6dpvizs62raj7a6
[2026-10-05 23:26:45] cache miss key=qcvw3zvcvn51wuph
[2026-10-07 02:09:01] auth ok user=jg3vyjq3x7neoxcb
[2026-10-06 14:39:24] cron job finished o2jzyx4zj9oyodxw
[2026-10-08 22:07:58] GET /api/ping 200 16w0k3pv808cxfde
[2026-10-03 10:42:09] heartbeat tg9r7u6gew4lhty6
[2026-10-08 23:18:08] cache miss key=n7f03ckn04yyulys
[2026-10-07 07:13:28] cache miss key=21adqyj7o0o0q7x9
[2026-10-06 13:15:00] cache miss key=tar9zfz9wwzf8cta
[2026-10-01 15:54:00] cron job finished wjz99movl7him5bq
[2026-10-02 10:21:43] cron job finished 8drt7p6hj62ywkvh
[2026-10-05 10:00:51] cron job finished 7p2qrhbbudq55poc
[2026-10-08 15:01:19] heartbeat 5ivrd5f1noatg5dn
[2026-10-03 16:09:50] auth ok user=1pziuh1qjny876p6
[2026-10-07 12:08:13] cache miss key=4vtuuzb5zv8i7vgj
[2026-10-02 14:44:24] cache miss key=7r5i1y4njvah4pmx
[2026-10-03 09:13:22] GET /api/ping 200 xg9fdov9gjhj2xm0
[2026-10-01 15:47:51] heartbeat tv3yvntrgsnuhdhh
[2026-10-06 14:25:23] cache miss key=8lk9wsr4agg7dl17
[2026-10-05 09:07:32] GET /api/ping 200 ug0s51xmiha3c92g
[2026-10-01 12:40:33] heartbeat fdj5s9cq1kldh3as
[2026-10-06 00:30:03] auth ok user=kn8hzvr8a3gpk8vo
[2026-10-08 05:37:41] cron job finished dzzpz18df14z9mxv
[2026-10-02 17:17:36] GET /api/ping 200 902dgk70xrlnqupm
[2026-10-01 13:05:03] heartbeat co3fqt30b3pmuvgp
[2026-10-01 06:28:41] GET /api/ping 200 3z15uzqkzbhvmwwi
[2026-10-04 23:49:02] heartbeat 97rwfnmzv2uwu8uk
[2026-10-03 13:22:06] auth ok user=sb8c4vs1j0fjw2tm
[2026-10-02 13:17:31] cron job finished f2769bjcs80mmog5
[2026-10-01 05:49:18] heartbeat k4h2w8lmggkkltwr
[2026-10-02 07:22:44] cache miss key=espxqwav1797tnn3
[2026-10-03 11:07:27] cache miss key=1xe1vvfmls9ftkm0
[2026-10-02 22:40:18] GET /api/ping 200 kkp4xr5przppymws
[2026-10-07 07:54:37] cache miss key=u26eudm69he0vzay
[2026-10-01 17:59:01] heartbeat y0uxykbjqiw7vyj0
[2026-10-04 15:58:49] auth ok user=lxm3olqh4x999zdg
[2026-10-01 19:51:56] GET /api/ping 200 0zt6gya2f0gqj8mv
[2026-10-05 21:23:37] heartbeat f7yjmqnt8zyu14wp
[2026-10-03 03:03:25] cron job finished k2r3ef6e14qlv0qi
[2026-10-02 21:18:54] auth ok user=rxpkdaj0wz0c9r4y
[2026-10-04 07:47:51] cron job finished 5xfktq9ug4jjgr1f
[2026-10-08 13:52:41] auth ok user=kceu3yb6r9ezph51
[2026-10-02 02:04:56] GET /api/ping 200 ptsihkwudypqdpii
[2026-10-01 01:23:01] cron job finished 15c8vtst252q2w9h
[2026-10-03 18:36:49] cron job finished xmau2zrwolposyks
[2026-10-01 19:27:08] heartbeat p26uund8a21rjdzx
[2026-10-03 14:42:59] cache miss key=9okczy3xz0q6xssl
[2026-10-02 21:48:26] heartbeat efv85ll86z3ny8ji
[2026-10-08 18:00:10] heartbeat 9cd2h6jwn2j47akn
[2026-10-08 08:12:47] cache miss key=uenc65wyc2a8p700
[2026-10-05 09:37:54] GET /api/ping 200 b9t52zbvv9xhuh2k
[2026-10-01 06:09:55] cron job finished e5ox9dkubvinon0p
[2026-10-04 05:07:38] cache miss key=a4jjy9nlxmlvlt3q
[2026-10-03 21:28:10] heartbeat 56ufogd5siynmoea
[2026-10-03 19:15:23] cache miss key=7010l7n5w9hjzg7u
[2026-10-08 01:55:45] heartbeat fawnbmhj7u7gvqf4
[2026-10-06 14:21:10] cron job finished p1guxod1vwe14mr4
[2026-10-02 00:26:48] auth ok user=mg6x1z278n4hu8a9
[2026-10-08 10:25:05] cache miss key=zg3nb31lrv39tpmx
[2026-10-01 07:53:13] heartbeat pbq86rfqpzztqxnz
[2026-10-01 18:46:52] cache miss key=w2mpbkvgmbjcj1cd
[2026-10-08 14:45:10] heartbeat gqvd5nnhx7tr455e
[2026-10-01 16:45:54] GET /api/ping 200 zd0wabdiewi3avot
[2026-10-04 08:41:04] cache miss key=2xhwfr3cq0yg7dk3
[2026-10-02 20:39:37] cache miss key=5i7t8sp4q7rawpgd
[2026-10-03 07:35:59] cron job finished xemragk1coijmcsn
[2026-10-02 20:53:04] GET /api/ping 200 90e5mltzd5qojav4
[2026-10-04 06:26:27] cron job finished 9a644jlbblusu4oc
[2026-10-05 11:50:09] GET /api/ping 200 untq1d1sx89k9b6s
[2026-10-07 18:20:10] cron job finished l5ft8gubjuzetwfq
[2026-10-03 04:05:09] cache miss key=483eio1t1c83423e
[2026-10-02 16:19:10] cron job finished 847dcmdn6ag34ibs
[2026-10-03 09:32:11] cron job finished 9jmcgo7e8se6e310
[2026-10-04 04:35:07] cron job finished e58f26lku7qrv1o1
[2026-10-01 14:32:08] cron job finished ee07kmdwl5hgl1eq
[2026-10-07 11:52:38] cache miss key=h0xugdqwr424vgkr
[2026-10-06 13:34:07] cron job finished 1u6n9mxzzck518mu
[2026-10-04 11:17:12] cron job finished 7bfwt2apeiyb7zvu
[2026-10-06 19:52:15] auth ok user=86ls1fzxvqyc24ul
[2026-10-06 01:40:40] heartbeat xg44hqi8hit46eoa
[2026-10-04 21:51:49] GET /api/ping 200 x6rdjwn6kdhegpod
[2026-10-01 03:10:54] heartbeat 3xnzoss8w0jikmes
[2026-10-06 06:05:54] GET /api/ping 200 9jgdf3bx3arzg1hb
[2026-10-05 01:44:32] cron job finished 59rtt6gm8qq5k1mk
[debug] attempted flag submit rejected: CTF{fake_9_nope}
[2026-10-06 08:06:38] GET /api/ping 200 ltokrs473oxdc00t
[2026-10-05 11:50:37] GET /api/ping 200 d8d4gjy0m40hjis5
[2026-10-08 18:12:40] heartbeat zivk26gsj0kyve3z
[2026-10-04 17:41:29] heartbeat f7zicnoi3t6tsfsp
[2026-10-03 22:01:59] cache miss key=fsv0sgirvt5ssk3o
[2026-10-08 00:47:45] auth ok user=63cx38lucqdy2d96
[2026-10-01 08:39:45] cron job finished 91j2efxu0oxrndv0
[2026-10-08 21:29:30] heartbeat oodf3z2lk85yb8zv
[2026-10-07 03:00:42] cron job finished zzlj5vdrydcerei8
[2026-10-04 17:01:34] cron job finished pdy7l7dc8bux5ofr
[2026-10-02 16:44:30] cache miss key=9x2ry3h594ctlzkg
[2026-10-02 09:21:58] GET /api/ping 200 6rz0xnh1boyrzdl2
[2026-10-04 09:44:16] GET /api/ping 200 nqzgbfu02i7vt3gr
[2026-10-08 09:21:54] cron job finished 5yh2ni7o72b17vr7
[2026-10-04 21:04:31] heartbeat e6zymvoemwslujlx
[2026-10-05 23:15:50] cron job finished vb9mym8c3hnqr25r
[2026-10-05 22:29:38] heartbeat ejy9l2ofyfndag3u
[2026-10-06 01:29:33] cache miss key=834l5172xxxyes0l
[2026-10-02 07:48:12] cache miss key=7wzdii5igahcxdao
[2026-10-05 21:00:26] GET /api/ping 200 22ib29jlu14eh01r
[2026-10-06 19:41:41] auth ok user=unkb8jf77czj2ktq
[2026-10-02 14:51:54] auth ok user=3a2ubzuam5rjdwwt
[2026-10-08 04:39:05] heartbeat n6vrsakm4jq09irr
[2026-10-06 01:46:37] cache miss key=ezkzi88bka2ayg6e
[2026-10-05 03:35:03] cron job finished f70t6gimkylgzq8f
[2026-10-01 08:04:10] GET /api/ping 200 rf0k6ao20o97u3kv
[2026-10-08 22:25:11] cron job finished 6n7sjboz9zvhloxz
[2026-10-04 17:21:10] GET /api/ping 200 rzddp8d5ehfhz566
[2026-10-03 20:48:09] auth ok user=lru4tydu5htjym6f
[2026-10-03 00:50:36] auth ok user=l3nwx6nzz3cm992g
[2026-10-06 10:02:44] heartbeat g6zpd6utl3bs9ulq
[2026-10-05 05:09:35] auth ok user=6xii93pklofhk2c5
[2026-10-06 15:55:17] cache miss key=v9ef4tgfhbnql9h1
[2026-10-05 23:09:28] cron job finished 8j24fltnftfmwphg
[2026-10-01 09:11:31] GET /api/ping 200 tekfgrze07qgrl1d
[2026-10-03 21:58:00] auth ok user=vkz9vdopbkfz1gx0
[2026-10-02 23:05:27] auth ok user=m80d5a52j109skvq
[2026-10-07 14:43:04] heartbeat w93k9gtsmv98cj9n
[2026-10-08 04:47:27] cache miss key=c24rob8ncjq9pkwd
[2026-10-05 16:55:46] auth ok user=in70piugr535qr2a
[2026-10-01 03:50:41] cron job finished u3mrruwtsx9700o4
[2026-10-05 19:09:45] cron job finished ypmlttpovrqkaz10
[2026-10-06 01:25:33] cron job finished 1bt0kcpuii1gn90w
[2026-10-03 15:51:51] cache miss key=t1y3tj0377b1lfti
[2026-10-06 15:14:17] heartbeat o8c4rr5x642za6a5
[2026-10-01 01:49:14] GET /api/ping 200 3bx74b6jyfhf3kon
[2026-10-08 08:29:05] heartbeat 4jmmrvyzy5hy49bd
[2026-10-04 22:39:22] GET /api/ping 200 0qrv1w8mzhgeolc6
[2026-10-05 18:25:21] cron job finished jdids5lk3mrs9fuz
[2026-10-02 19:04:37] auth ok user=8eun1hujyn0btb85
[2026-10-07 13:25:36] auth ok user=pwjkt97muwvhuhkx
[2026-10-06 20:54:14] auth ok user=7ffdxuhlsfw25yw2
[2026-10-03 23:29:50] auth ok user=t0w2rs24kfsvruzb
[2026-10-05 03:45:43] cron job finished pb6d2stulrt0j2e7
[2026-10-07 00:50:28] cache miss key=9hr8ul2szy6iwkig
[2026-10-02 09:45:04] heartbeat kwimz25d5yr8zlsv
[2026-10-01 23:21:30] heartbeat 0dc9bcso5um42shu
[2026-10-07 09:17:58] heartbeat 3wgohns1t0qgb6c2
[2026-10-01 01:38:13] cache miss key=7qsxiss3hg7cv2xa
[2026-10-08 09:44:52] cache miss key=o056qxkfn0ysivtn
[2026-10-05 22:25:01] GET /api/ping 200 ii0g8f6uae6lyxbq
[2026-10-06 23:32:24] cache miss key=x4fnushbu8wbr3ls
[2026-10-04 04:44:17] auth ok user=gg1m923se2owuoa2
[2026-10-03 07:46:50] cron job finished tt4hdj37jxj1bp2e
[2026-10-01 10:24:54] cron job finished 8tt51cawq9lifabp
[2026-10-05 18:30:50] auth ok user=eq7ljctgp7vvbucx
[2026-10-07 23:32:13] GET /api/ping 200 pn5tpzaapzmmalvf
[2026-10-07 01:11:45] cache miss key=z5203j64x7w1rjkt
[2026-10-02 20:40:02] cache miss key=9nu6m9og4jpaorto
[2026-10-02 05:27:21] cron job finished hw0qyono2r4xrnkm
[2026-10-05 00:23:25] heartbeat uwu1a6mn0n02nabj
[2026-10-02 02:32:18] cron job finished kr69o95t9lvrawev
[2026-10-06 00:24:19] cron job finished 2jo02t2ai59sq0yd
[2026-10-02 16:07:44] heartbeat w2z9zmhqc84qvcby
[2026-10-08 06:06:37] heartbeat gdwqt1v37j3gcxfu
[2026-10-07 19:09:33] GET /api/ping 200 13d61q26xqrkrqc7
[2026-10-06 19:34:38] GET /api/ping 200 7j973ghvhgov4v9o
[2026-10-07 11:40:13] cron job finished bz3egbez8waexsy7
[2026-10-01 03:12:22] heartbeat 8lhmro7y07wum32p
[2026-10-06 10:02:26] cron job finished nrxfpim1p4c88uy3
[2026-10-03 22:08:11] cache miss key=ptejdalv42ypci5s
[2026-10-05 08:42:30] auth ok user=og5c6dl1x9bnuvra
[2026-10-04 17:39:41] cron job finished mntwmurg9f0975dt
[2026-10-08 14:06:46] cache miss key=krvhrr9pw504pzda
[2026-10-03 04:40:57] cron job finished 6b28gczardww91v2
[2026-10-06 07:54:35] heartbeat 8gbzhzy94kpp7c0h
[2026-10-04 16:40:45] cache miss key=ekgc7w8lvvyrvg58
[2026-10-08 01:29:40] GET /api/ping 200 fez9mg6pml9fnova
[2026-10-07 08:53:34] GET /api/ping 200 g95drmal7a11t5d8
[2026-10-08 03:30:24] auth ok user=7ae0hxln1ccr9nbf
[2026-10-03 00:41:13] cache miss key=yc2ruck4d4v1oyr9
[2026-10-02 14:52:13] GET /api/ping 200 lhp3j2frhjxinr1w
[2026-10-04 15:05:14] cron job finished nnsxqywcbkw0zh7c
[debug] attempted flag submit rejected: CTF{fake_54_nope}
[2026-10-03 14:14:32] heartbeat utbgcaxz40f4r0qv
[2026-10-08 08:22:08] cache miss key=tek8xixr4m3rxe05
[2026-10-03 12:38:15] cache miss key=b23t6zxo6j3gbn1k
[2026-10-05 11:09:34] cache miss key=zb175413nzlqalh6
[2026-10-07 15:28:58] auth ok user=t5ta6x8cgvftlv7i
[2026-10-01 13:25:08] auth ok user=ffh0o4k24u3bl4av
[2026-10-05 03:32:37] heartbeat a52ls91salxhviif
[2026-10-07 18:06:52] cache miss key=ts4sfjcpunau65rd
[2026-10-01 01:57:23] cron job finished b4lhpzvdqpnxvpnr
[2026-10-02 02:01:16] cron job finished cb1nembfd9vgtohr
[2026-10-01 13:30:30] auth ok user=8xhzztrwbmez482w
[2026-10-07 23:47:19] cache miss key=vnp42ouiqun1rs5r
[2026-10-04 11:29:13] cron job finished uu3qs5l8z8lcya3z
[2026-10-01 07:20:02] auth ok user=ozd84exsb9yu8eag
[2026-10-02 19:03:11] heartbeat zbjwt15s9oh7df36
[2026-10-07 09:08:31] heartbeat 7ki145r93c14ihbf
[2026-10-07 22:48:28] heartbeat gr0fonytpzh29oh2
[2026-10-02 18:52:11] cache miss key=zb33woeh56a7ut38
[2026-10-05 07:06:36] cache miss key=mfe0hwkhjrwm2kaz
[2026-10-03 21:44:47] cron job finished srcv082f4kvgii9v
[2026-10-08 08:10:50] heartbeat mns4thu0cerqv2pf
[2026-10-06 09:27:10] GET /api/ping 200 vkphp77ckvjf2f3y
[2026-10-06 11:16:36] GET /api/ping 200 hqwoz8j507sdqodh
[2026-10-05 02:42:15] heartbeat vrouivho1rbbaggs
[2026-10-06 00:59:21] GET /api/ping 200 1f0cog4cj7fb1yro
[2026-10-08 14:24:53] GET /api/ping 200 374o29xk0mh9q113
[2026-10-01 21:16:31] GET /api/ping 200 psfhiy7mz8tfq7an
[2026-10-03 04:53:38] cron job finished buhwmzac7wxondd3
[2026-10-04 13:06:40] cron job finished 5l5jjbcjful8uanq
[2026-10-01 07:17:16] heartbeat 7kex4r6s4llyarhh
[2026-10-02 01:29:03] cache miss key=i85uspayyp0ob4ma
[2026-10-01 03:32:36] cache miss key=yto1q3yww86bb2kk
[debug] attempted flag submit rejected: CTF{fake_40_nope}
[2026-10-02 13:42:33] cache miss key=2ac7qputcmruaikb
[2026-10-07 08:05:31] GET /api/ping 200 smyus4s0piqiv1n1
[2026-10-07 19:33:52] GET /api/ping 200 tk9tqvwhj4eip63k
[2026-10-06 05:25:46] heartbeat xi869j6z4ulc4sop
[2026-10-03 01:05:55] heartbeat bjrvmyjwvnesz3yf
[2026-10-07 03:32:24] auth ok user=nh2qavlk3b0kbsdk
[2026-10-01 14:04:27] GET /api/ping 200 msg5smc96ybi82iy
[2026-10-02 04:47:32] cron job finished 6z7fak3919zxkhyv
[2026-10-06 19:33:11] auth ok user=d8m5tf5meforkiha
[2026-10-07 00:32:06] heartbeat 9islkemv0942kw2v
[2026-10-01 06:27:33] heartbeat ja3jg7te7ly1tmt3
[2026-10-07 11:20:58] GET /api/ping 200 vbjqml32sol8zkas
[2026-10-01 04:59:15] cache miss key=ywpw4y4u9pm2m4wu
[2026-10-04 14:56:31] cache miss key=nyi6sis2pf7tcysl
[2026-10-08 04:40:45] GET /api/ping 200 vaf5ozg110g9692d
[2026-10-08 21:22:48] cache miss key=kc104l7hyxoutig5
[2026-10-07 14:45:11] auth ok user=zdppg0diw3b5ef2f
[2026-10-01 09:12:19] cache miss key=7azqujedt1bqeao7
[2026-10-06 05:31:59] heartbeat 96w15kjepf7qv15o
[2026-10-04 15:02:55] GET /api/ping 200 6wg1ql0pr0aldmxi
[2026-10-06 17:29:40] cron job finished dfhw65ndcgzb0p2u
[2026-10-04 23:55:36] GET /api/ping 200 sflnzhhyc1l1zpp0
[2026-10-05 12:44:29] GET /api/ping 200 4s4uzoxh64a6cqf5
[2026-10-02 04:21:28] cache miss key=afxu4rb1bi18wf10
[2026-10-07 15:41:55] GET /api/ping 200 lx195gk5q2xeb9nv
[2026-10-05 09:19:58] cache miss key=hv1bgl5mbaeqdmsl
[2026-10-06 10:37:08] cron job finished 3fi9bja4zuiha0r6
[2026-10-07 05:40:24] cron job finished y9sb59z4aox70yky
[2026-10-03 12:00:45] cron job finished z57p0z3oc8yrpfw6
[2026-10-06 03:32:29] auth ok user=2io72octeap5mv9n
[2026-10-08 13:10:19] cache miss key=y28vnf3xqq7opaoc
[2026-10-02 20:19:20] GET /api/ping 200 on5uw587xounsjvu
[2026-10-06 17:44:35] cron job finished m8mbv89ii0rf5f37
[2026-10-07 01:48:04] auth ok user=jrc97cz03yzzad2t
[2026-10-05 23:59:15] GET /api/ping 200 178ua9ekmiej8y72
[2026-10-05 19:05:33] cron job finished 2keitr9xspj8s9zj
[2026-10-06 23:00:08] auth ok user=8bvnb8atu6o5dwta
[2026-10-03 00:38:24] cache miss key=9flit9nhkvkszguw
[2026-10-02 15:30:54] auth ok user=6ka16lzb7oa5mslw
[2026-10-02 20:50:58] cron job finished kfd90ed0i25g1bm7
[2026-10-05 23:16:42] heartbeat 7ddwdljm9bwii3ir
[2026-10-06 02:47:45] cache miss key=xgn5ztxigadacht8
[2026-10-05 14:15:03] cache miss key=jon62308xmvrz83j
[2026-10-03 17:48:04] cache miss key=qqv53ihzzq3kxkoo
[2026-10-01 06:12:56] cron job finished bs9x1ppnpy86yeer
[2026-10-03 19:19:35] cache miss key=gbz0xh08c6beq7cx
[2026-10-01 16:15:49] GET /api/ping 200 70qoc3sv7gh5sjxp
[2026-10-01 13:46:34] cron job finished 73tkvlkejpil8f8g
[2026-10-02 20:57:07] heartbeat rdgmh75i43i3cy5m
[2026-10-08 22:05:46] cron job finished zjnah4i26znflhp1
[2026-10-05 19:12:03] auth ok user=50ll5han8qng0scf
[2026-10-05 10:30:58] cache miss key=wyyeosyv7qt5o0hz
[2026-10-06 16:47:13] cache miss key=adv5jeybuiu2km4l
[2026-10-03 20:11:07] cron job finished qf4u2ge87krvj8am
[2026-10-05 06:48:44] GET /api/ping 200 9k04nrwcr3fzwe9u
[2026-10-04 17:39:06] heartbeat ke1qczddu7khd8e0
[2026-10-05 22:16:49] cache miss key=00kvynhgkhharfcw
[2026-10-05 08:59:23] heartbeat b6zrep62l7evh0j6
[2026-10-02 06:18:34] cache miss key=dxxfg80f1927s48g
[2026-10-06 05:18:20] heartbeat rvth2rsivb1sbp4h
[2026-10-04 01:52:08] GET /api/ping 200 xagxqohsxthfzr4u
[2026-10-02 11:49:52] heartbeat pvqw8znxax0e8821
[2026-10-07 02:33:02] auth ok user=t0raj9fgxgevm8n7
[2026-10-05 00:11:21] cache miss key=3f000xai3hgeqks2
[2026-10-04 14:13:03] heartbeat kdr6nqy03e8ov861
[2026-10-04 14:00:02] GET /api/ping 200 mqtm4nbzkyr4oviv
[2026-10-04 22:26:57] GET /api/ping 200 wuphy9cg0udp629x
[2026-10-08 01:15:54] cron job finished y51qteqs0gk9ajla
[2026-10-02 16:11:48] GET /api/ping 200 b2lgx64r8lmhor8n
[2026-10-03 09:56:59] heartbeat r1xyqy5qq8ng31x3
[2026-10-04 04:42:22] cache miss key=ishwkd1ych2d4kxt
[2026-10-08 23:39:26] heartbeat ob8fyn1klz7oigpu
[2026-10-08 03:13:37] admin note: prod flag -> CTF{gr3p_1s_y0ur_b3st_fr13nd}
[2026-10-02 21:24:28] cache miss key=uacxsd9pp5spwlky
[2026-10-03 09:19:16] GET /api/ping 200 q4ap31ue7gido6p2
[2026-10-01 13:53:16] cron job finished o9wb9a5pxw2uvlm8
[2026-10-04 01:29:07] auth ok user=fd2yhpk84ulmisj2
[2026-10-08 22:47:01] cron job finished kmvhq8lgx9p61mtl
[2026-10-04 16:18:07] cron job finished 0khrnwznjssbqa4f
[2026-10-01 14:54:05] cache miss key=vewv9ryv0sf1ch7j
[2026-10-07 03:29:50] auth ok user=rql03zdwbcia6515
[2026-10-06 16:48:50] cron job finished 94bxpcam5pi105ad
[2026-10-02 08:08:05] cache miss key=6eo2beahv17xh5d3
[2026-10-07 15:04:51] GET /api/ping 200 1wzbqdjo6c251y8s
[2026-10-03 17:40:16] cron job finished nf1fmvzws9d1b54e
[2026-10-04 19:15:48] heartbeat d4xh715ioagqq7qn
[2026-10-04 18:03:28] heartbeat ddsgyy9lrem1r2ts
[2026-10-08 04:36:41] GET /api/ping 200 58qah5emaj4lfmkd
[2026-10-07 04:51:32] auth ok user=n49vjxx3jzsqmv1o
[2026-10-08 03:47:42] auth ok user=xdjyon7ts0andn31
[2026-10-08 08:25:02] cron job finished laftpb2eaiz5k5dz
[2026-10-04 02:35:56] heartbeat bkswfqtbupxx4196
[2026-10-08 21:55:38] cache miss key=fb6oezs2ptiaobrg
[2026-10-07 11:41:33] cron job finished wu4s44gcgott0qb7
[2026-10-01 02:40:05] cron job finished m58n3ylx7gwaop3i
[2026-10-05 09:37:43] heartbeat oy065xjcqtpok40g
[2026-10-07 11:22:37] heartbeat glypm6ntrgkcl5j5
[2026-10-05 03:16:03] cron job finished knl2m34tqe1f38xo
[2026-10-07 06:31:58] GET /api/ping 200 qneklomblog2stkw
[2026-10-08 23:32:54] cache miss key=n6gmfxc04i1v408i
[2026-10-04 01:13:56] heartbeat aiqjrxujsxwjxczu
[2026-10-07 23:29:13] GET /api/ping 200 etuefu0qef5xwvhd
[2026-10-03 23:13:53] heartbeat pwfg6y9ahsvc6ir7
[2026-10-03 18:10:45] auth ok user=gvjjoa8i70712svu
[2026-10-01 22:16:31] GET /api/ping 200 78nhjyfil3cl2whk
[2026-10-03 12:47:00] auth ok user=6jb4m40wt19rga63
[2026-10-03 08:24:48] GET /api/ping 200 ha8815rzqynnqdy9
[2026-10-05 07:20:51] cron job finished 7xmyaigmdbnn2zzp
[2026-10-06 16:22:32] GET /api/ping 200 sszyicfcus4irg4v
[2026-10-06 04:07:14] GET /api/ping 200 8yjv3bbdoztisdwg
[2026-10-01 02:34:23] cache miss key=b50p4bmos2fwvjwy
[2026-10-08 03:53:29] cron job finished 2fwsx5xm6z4461lp
[2026-10-07 23:16:55] cache miss key=ytt9lw9jjxapv3qg
[2026-10-05 08:31:30] cache miss key=aurc4p2keu69ucqq
[2026-10-08 14:38:23] GET /api/ping 200 dkh7c3gex6hryytt
[debug] attempted flag submit rejected: CTF{fake_58_nope}
[2026-10-05 12:52:29] auth ok user=nnvvuhp0ujdlmxmz
[2026-10-04 11:29:39] cache miss key=rqjij21kmllk48fd
[2026-10-02 06:02:33] cache miss key=ltzez6up56dqi634
[2026-10-01 12:18:36] cron job finished 9hl9u623iq85g58b
[2026-10-08 21:34:46] cron job finished jpavnm1byhlxby78
[2026-10-06 21:40:44] cache miss key=20hrtfn2c7lqxrqx
[2026-10-07 11:47:04] auth ok user=6puteytei3gn73r7
[2026-10-01 04:51:28] GET /api/ping 200 t09puxuuxkcmh5zi
[2026-10-07 19:08:49] auth ok user=m97er6gip0zbw91m
[2026-10-05 07:20:12] GET /api/ping 200 jb5i1y6mi2gw3nqi
[2026-10-01 18:28:00] GET /api/ping 200 1f9fd13laurtyxlt
[2026-10-02 18:47:08] GET /api/ping 200 fhek4bldamibps82
[2026-10-05 08:24:37] cache miss key=2s20qfaanilxq2xg
[2026-10-04 04:59:59] heartbeat k0entwvdrseamrqa
[2026-10-02 16:49:57] cache miss key=8mafl2cvne8op3df
[2026-10-05 04:14:36] heartbeat rw12hws4paegyy7k
[2026-10-08 13:01:40] auth ok user=ytu4fw77a2clkd94
[2026-10-05 09:50:27] heartbeat 2uey9hx87f91xfrg
[2026-10-03 08:55:58] cron job finished 2p8z8mop8rgz6f4m
[2026-10-04 14:50:04] auth ok user=3owsllvy1mzu6ve3
[2026-10-02 01:33:40] auth ok user=1fxbespnaovnxg15
[2026-10-08 01:51:10] auth ok user=ap45vr9snd4v3wo3
[2026-10-08 05:14:39] auth ok user=1jujxu2gdq3t4xwi
[2026-10-04 22:16:41] cron job finished bhk0ddwod9wd4494
[2026-10-02 11:36:25] GET /api/ping 200 vbuogzuw0wta6fll
[2026-10-04 07:30:03] heartbeat kg7gdq1i3ed9cov8
[2026-10-08 14:17:42] cron job finished v29g2234nj7d62ed
[2026-10-04 01:05:32] auth ok user=vj2h1oc8bz6kewoc
[2026-10-06 22:57:37] heartbeat uaai9maty5lw3z7h
[2026-10-08 17:55:25] GET /api/ping 200 t4a2x5ayqu7rye5j
[2026-10-02 15:04:04] cache miss key=iwihl3v4zl8r67tr
[2026-10-04 01:28:58] cron job finished 0sw4bxsl1pigra1p
[2026-10-06 07:25:25] auth ok user=8vra4hhr32nbky4b
[2026-10-04 07:58:24] cache miss key=wdhb7ppwqud90b9s
[2026-10-06 11:09:44] auth ok user=na5wdgmssfh5ux80
[2026-10-06 18:35:55] cron job finished to6osbt1twqj5vt4
[2026-10-02 18:44:58] GET /api/ping 200 aawthlidzcg6rw3j
[2026-10-05 12:04:37] cache miss key=f8knv6nylp4rft4f
[2026-10-01 17:14:33] cache miss key=vco4yb7a970mqyiz
[2026-10-05 14:52:44] auth ok user=5aoawlvafvkeyija
[2026-10-05 13:08:15] cache miss key=2vvpjqh7zmzvmt63
[2026-10-03 17:57:51] cron job finished 9598v0mk2jigxyxg
[2026-10-01 21:35:34] GET /api/ping 200 c8edf1tq7kc4c6rc
[2026-10-06 02:24:53] cache miss key=vrmi2vkbdqoq53ky
[2026-10-03 00:14:01] GET /api/ping 200 ascbyr7yw8qrsluz
[2026-10-01 17:17:32] cron job finished wlfwj9c760g1ohwj
[2026-10-08 04:48:03] heartbeat p0u8y6luop3i4g8x
[2026-10-04 04:54:43] auth ok user=6nzkc9hinmoqp4py
[2026-10-03 19:35:58] cron job finished vtyfm9hpt3cahxps
[2026-10-04 17:04:36] cron job finished ypiv0fog20f6nxal
[2026-10-05 19:38:12] auth ok user=97kawkdwap5wh0kf
[2026-10-06 02:20:22] cache miss key=lwppof1h9oi236mo
[2026-10-04 06:23:30] cache miss key=ggpe3gvm36xi2x6p
[2026-10-07 11:41:06] cache miss key=ybdcw3m2n016a059
[2026-10-01 15:58:52] cron job finished oqhkr3k89whi02nh
[2026-10-02 20:16:11] cron job finished wdj6k08nemqwkgz2
[2026-10-03 15:53:56] cron job finished gmltgbok27cw74qk
[2026-10-07 23:22:38] cache miss key=9poze46066w8wbux
[2026-10-08 15:18:22] auth ok user=j7630uukualjqo3v
[2026-10-08 08:27:44] cron job finished tz0le6bcdlvtiizc
[2026-10-03 23:22:55] GET /api/ping 200 sy06xie91ryk7zbt
[2026-10-02 19:55:04] cron job finished 7q2flmy25vk1whmg
[2026-10-07 07:57:02] cron job finished 8grefrtqnznwygp6
[2026-10-03 20:43:30] auth ok user=q9iqsn9ny094fs0v
[2026-10-06 11:02:39] cron job finished jbbf4t0b1hkx1cs3
[2026-10-08 18:59:00] auth ok user=hb4te3px756lv5ly
[2026-10-03 04:13:42] cache miss key=oi0boewld7r9sct6
[2026-10-07 06:44:32] heartbeat 2rskrgrjp6bp55hw
[2026-10-03 15:06:04] GET /api/ping 200 v2on1t4jbpj12u21
[2026-10-05 12:52:15] auth ok user=0n6iq77f649onofp
[2026-10-03 07:38:45] heartbeat nugnvcwjk3ogr6wg
[2026-10-07 05:56:04] auth ok user=hwxsnz5bf6vclyfs
[2026-10-07 03:53:00] heartbeat ne44ekwrum58me05
[2026-10-05 05:17:44] cache miss key=qu1xcd4c6mbeppp7
[2026-10-06 15:01:24] cron job finished hqvih3v2yyv7qxyb
[2026-10-08 20:09:56] cron job finished 6o0b11lpknomcjuw
[2026-10-01 04:19:10] GET /api/ping 200 mmohi5fabrsya75w
[2026-10-04 07:31:28] cache miss key=hlwa84bxjhjseslf
[2026-10-03 02:01:34] heartbeat avg6w5mc0hciil3h
[2026-10-01 16:47:58] cron job finished zo3xrt34kesd786q
[2026-10-04 00:00:27] cron job finished h9modv7umnjn6t98
[2026-10-02 19:56:17] cache miss key=na9uqeoyhzbgpg2j
[2026-10-01 12:46:17] cron job finished 728qawbltxq3nrib
[2026-10-08 02:31:18] cache miss key=0lpbxv8tck5f2e2r
[2026-10-08 13:43:23] cache miss key=d1ru1rse5uukshct
[2026-10-07 17:56:30] cron job finished tvyh0cn3gh91iiao
[2026-10-04 09:59:22] cron job finished 6gx6aqml67fd94js
[2026-10-04 06:32:15] auth ok user=tgvmp2o82qj5m6l4
[2026-10-07 09:47:24] cache miss key=cgzn6cvl961yxl5c
[2026-10-04 05:02:35] GET /api/ping 200 vf63m4xjip7bnz4x
[debug] attempted flag submit rejected: CTF{fake_8_nope}
[2026-10-03 16:13:49] GET /api/ping 200 ncxm2gysuyh31rvd
[2026-10-02 03:07:57] heartbeat t439w1aemb5vluzd
[2026-10-06 15:06:23] auth ok user=tlwsu7lwfuzfg6wu
[2026-10-01 04:22:03] auth ok user=783ugbp21d9nrypk
[2026-10-01 22:50:50] heartbeat eox45qsxu0wmpfw2
[2026-10-01 08:23:22] cache miss key=d811bvvr8ch5qmin
[2026-10-02 20:29:17] GET /api/ping 200 hu8pjpwlu2r37c9f
[2026-10-01 08:29:11] cache miss key=cjbahubpd6ymwccg
[2026-10-05 18:40:21] cache miss key=14nagx5mqqmkveot
[2026-10-05 00:14:23] cron job finished 5kia8zuqjc91hx23
[2026-10-08 05:18:33] cache miss key=cx56j2f7ki12gbvf
[debug] attempted flag submit rejected: CTF{fake_4_nope}
[2026-10-04 00:44:01] auth ok user=ormcziy22v1hsod5
[2026-10-08 07:42:22] heartbeat i0pjvls6xf6nt6fy
[2026-10-05 00:29:18] cron job finished gqndaz9iqo898pjg
[debug] attempted flag submit rejected: CTF{fake_44_nope}
[2026-10-06 09:34:29] auth ok user=du0zrk1zn7sd8ems
[2026-10-03 22:42:53] auth ok user=e0oooe110gwgrcvc
[2026-10-08 11:38:46] auth ok user=wl2wyaocx6pw4zf1
[2026-10-02 19:07:24] auth ok user=ppf8xaqboaomdeiv
[2026-10-05 23:59:04] cache miss key=o0jnkhd5cykitazf
[2026-10-05 03:24:07] heartbeat 3ms6m64n6enc2fil
[2026-10-02 03:22:15] GET /api/ping 200 3wq39pa11ymq81wo
[2026-10-07 14:24:54] cache miss key=cxbgphfontedkpcs
[2026-10-04 17:16:11] cron job finished j2fuf1iu4ekduttq
[2026-10-04 02:50:29] auth ok user=5gca5ivr4lb7ly3u
[2026-10-04 01:20:13] cache miss key=v7ijfivexpptvkqf
[2026-10-04 13:23:09] auth ok user=v0n6pebui589iep9
[2026-10-02 08:01:48] GET /api/ping 200 me9g2a38igsh4yoo
[2026-10-08 21:26:19] GET /api/ping 200 ra2i3gtb25filcw0
[2026-10-05 01:31:41] cron job finished h2gk6sbwnrb7y42z
[2026-10-01 16:48:22] cache miss key=g4z9a3h3v47cq8o4
[2026-10-01 01:57:03] cron job finished 2b3a0q7q8wxa28bf
[2026-10-02 17:51:56] auth ok user=w2am9as6y64k64th
[2026-10-07 02:50:23] cache miss key=hr9smpi64zw7w25j
[2026-10-03 01:56:18] cache miss key=2sls8mldgmzorybg
[2026-10-05 09:52:41] cache miss key=g28da1o4xqor0n54
[2026-10-05 10:50:56] auth ok user=hxufo7px109vlac1
[2026-10-05 15:11:34] cron job finished z8x9yzhn9tn1rmoy
[2026-10-07 08:05:11] cron job finished ozq5t01os8v6y8n9
[2026-10-01 21:10:56] cron job finished cw0jz0rvgfz2zhyh
[2026-10-04 04:55:57] GET /api/ping 200 at1e2rau4ryptyik
[2026-10-03 02:20:18] cache miss key=qbbcyt4atr5uieic
[2026-10-08 15:53:55] auth ok user=5v2v8d83h1gojk7a
[2026-10-01 21:29:59] cron job finished fqcujxu8e7hu4vk6
[2026-10-05 21:44:42] GET /api/ping 200 0mkdy584dsgprfpx
[2026-10-06 19:13:54] auth ok user=sso8rp9auho36fqz
[2026-10-06 02:59:42] cache miss key=iidj8m81l4yvr37u
[2026-10-04 08:35:11] GET /api/ping 200 vr8hlo1x92klg7n2
[debug] attempted flag submit rejected: CTF{fake_52_nope}
[2026-10-04 16:12:30] cron job finished bdj6s7euokogudud
[2026-10-04 22:19:18] cache miss key=8no7jeqd2vkhuojb
[debug] attempted flag submit rejected: CTF{fake_51_nope}
[2026-10-07 01:50:56] heartbeat mfkphqf9pf8zd47p
[2026-10-06 13:04:09] heartbeat hpr8zbl0q6ld1w6n
[2026-10-02 22:18:47] GET /api/ping 200 dj8aind2vb2eu13r
[2026-10-08 10:43:39] cron job finished 255gubknpxces45x
[2026-10-04 09:13:54] heartbeat 1ka6zdw80bqxt5eb
[2026-10-01 15:20:32] heartbeat 5773aq0epbwfju4e
[2026-10-04 05:25:57] GET /api/ping 200 18tbl8dt6an6urbz
[2026-10-06 16:06:13] heartbeat pqfy4mdlqmt6ku0a
[2026-10-06 02:59:30] auth ok user=z7uhm0m0ynfy62ni
[2026-10-07 16:08:22] cache miss key=wf93ck9vpebb1ydu
[2026-10-06 17:21:14] GET /api/ping 200 12gduyao8s2astck
[2026-10-03 22:52:38] GET /api/ping 200 ur28qglpm2p24ftp
[2026-10-06 20:41:51] heartbeat c1kg3p5wqbrxtuvy
[2026-10-06 18:58:30] auth ok user=lf0zvr8f0z1naewn
[2026-10-07 01:28:34] cron job finished xw27h30uuvgwvf9e
[2026-10-08 21:37:56] heartbeat udk87eif6gnzbhog
[2026-10-07 04:35:05] GET /api/ping 200 sid4gfmudi373jcl
[2026-10-02 09:33:57] GET /api/ping 200 josuh5n1sgttyjqw
[2026-10-01 07:38:35] heartbeat mjb1s1a9te9s1yec
[2026-10-07 17:07:35] cache miss key=fwsl16qy5iev68sb
[2026-10-05 02:19:02] auth ok user=onwhn39avas6umpt
[debug] attempted flag submit rejected: CTF{fake_2_nope}
[2026-10-02 06:24:39] cron job finished aclg0e3v0x8my0t4
[2026-10-07 19:01:04] GET /api/ping 200 3m7r5cx9c8k86d0f
[2026-10-06 06:57:18] cache miss key=24kn7o9zi1afo7qp
[2026-10-05 07:25:30] heartbeat i9u8aptkqja6p3jg
[2026-10-06 06:07:27] heartbeat qtqei7u5gdf160bt
[2026-10-02 12:17:14] auth ok user=7bztn8250z23fslp
[2026-10-05 05:22:31] auth ok user=s8b2cp4jrmqbd1j2
[2026-10-07 11:45:41] heartbeat w16of9njc11xhzb3
[2026-10-04 23:21:23] heartbeat hgqw21nueziqtkh7
[2026-10-06 23:27:19] heartbeat u92qswlbg3vysvm2
[2026-10-08 06:16:59] cache miss key=dn0mqxeeeqlgq0zr
[2026-10-07 07:30:50] auth ok user=7frda594we7a5rnu
[2026-10-07 03:14:00] cron job finished 9qtvnpyzplslbiwk
[2026-10-01 20:37:03] cron job finished g6b3ef9q6v1mp7cy
[2026-10-05 01:15:14] cache miss key=8lgoyviw06g35urx
[2026-10-07 02:37:28] GET /api/ping 200 ob4o3cd9bri9vut5
[2026-10-01 16:50:01] cache miss key=v0sbr5b299hza512
[2026-10-08 04:22:51] cron job finished g51q3rumt44yvb80
[2026-10-05 21:27:42] heartbeat b5v34n9aadv6i410
[2026-10-07 04:01:56] heartbeat zzqwloz060bvcd8g
[2026-10-06 11:37:15] cron job finished o3ueomkrmt7oinl5
[2026-10-01 04:53:03] heartbeat g9pydkflr93ecztk
[2026-10-05 17:29:59] cache miss key=jkt9xktc91f86la9
[2026-10-03 10:19:54] GET /api/ping 200 aolc2d12nagaaesi
[2026-10-01 10:02:11] GET /api/ping 200 jfx7p39r68sdj5y0
[2026-10-03 01:05:22] cache miss key=ikrnxw9nkaamgaoh
[2026-10-06 09:55:44] cache miss key=jjefd5lvfwxkamz6
[2026-10-04 05:21:02] cron job finished nsfcxuxh4zqn2v44
[2026-10-06 19:39:49] GET /api/ping 200 j5hwn0jggsdwg13k
[2026-10-03 16:26:12] GET /api/ping 200 qa9ikff54mrfd20p
[2026-10-05 05:34:08] auth ok user=iqi8yxlfxda5skws
[2026-10-05 11:57:44] auth ok user=418yo2f1rmqq2hur
[2026-10-04 16:13:57] cache miss key=7byrkl1cb80n3gfk
[2026-10-01 12:46:56] GET /api/ping 200 1h6dvt0iye7ikv1s
[2026-10-08 03:58:51] heartbeat 9320af3uoutd93f5
[2026-10-04 10:28:16] GET /api/ping 200 wlyaelqdon5pgodu
[2026-10-06 23:21:00] GET /api/ping 200 5z6ue636na2tmg9d
[2026-10-05 11:37:09] heartbeat mqbf6xrz193xwi2n
[2026-10-03 06:13:22] heartbeat 491ilxcjwp75psy4
[2026-10-01 01:45:25] cache miss key=itbbrnqscddk609b
[2026-10-03 11:52:47] auth ok user=ujxg9tgt5qr9p3vd
[2026-10-03 19:02:00] cron job finished 5dqt8txi0n026g8u
[2026-10-08 21:02:39] cron job finished i234gcep3qjvutic
[2026-10-06 05:46:39] auth ok user=u11wdaof8fr0z4mp
[2026-10-07 01:20:05] cache miss key=uys6nc37memfx12f
[2026-10-06 02:09:06] auth ok user=cjsrtvua6ew212d0
[2026-10-01 16:20:04] heartbeat k4vadyl80vsj9hsu
[debug] attempted flag submit rejected: CTF{fake_3_nope}
[2026-10-07 08:45:28] GET /api/ping 200 ymjf7irehy8n8bbo
[2026-10-06 12:14:22] heartbeat mpzw5h7ghnrxm7ns
[2026-10-04 04:53:22] auth ok user=6e5u82brys81b84t
[2026-10-03 06:50:16] GET /api/ping 200 yx8e65u4mljeezua
[2026-10-07 22:55:40] cache miss key=k4vmaj44rcjdocz0
[2026-10-04 00:24:20] cron job finished vezeq632brls7m59
[2026-10-03 06:36:49] GET /api/ping 200 kgis1dkj5c1hgsql
[2026-10-02 12:49:05] cache miss key=kmlhi2scwpahtum5
[2026-10-05 12:07:50] heartbeat 3o2lnpk4el5gv3qb
[2026-10-05 05:37:44] cron job finished lkfioaiidmoddgjm
[2026-10-02 16:53:59] cache miss key=1b9nqwiqzrm6yy8u
[2026-10-04 10:09:01] GET /api/ping 200 gxqcl7m2aulesbzv
[2026-10-03 16:46:32] GET /api/ping 200 om430z3mzu5t9ei5
[2026-10-02 22:16:26] heartbeat 65ogb6r9twzzcelo
[2026-10-07 00:41:41] cron job finished xwl7qwk8aej74vbj
[2026-10-04 16:12:34] cache miss key=pe24zwbhj8shtekk
[2026-10-03 18:26:26] GET /api/ping 200 z6kv56y742bgt6tq
[2026-10-08 10:33:04] GET /api/ping 200 xh7fr0kwlfylz2ck
[2026-10-02 00:20:47] heartbeat qmii8tabtgj36thc
[2026-10-01 19:11:23] cron job finished 09zz9msg5efv5n5w
[2026-10-08 15:02:37] heartbeat liw8gqg3f4hd80t1
[2026-10-07 06:23:23] cache miss key=d4ze11850t248yge
[2026-10-07 18:41:57] cron job finished fovyzvg5hek9r3tg
[2026-10-03 21:47:22] GET /api/ping 200 u0me4cil2cm7kyxv
[2026-10-02 10:12:52] GET /api/ping 200 g1s3zg8f46gfaw1f
[2026-10-01 05:57:55] cron job finished arq2h40nw2s1de30
[2026-10-04 23:26:04] GET /api/ping 200 ynf2f3g7mi1pe3ku
[debug] attempted flag submit rejected: CTF{fake_50_nope}
[2026-10-07 11:33:50] cache miss key=rdtmvlc360abnkpm
[2026-10-05 17:08:41] auth ok user=tr7kboucu286iapn
[2026-10-08 06:28:40] GET /api/ping 200 hzzjn50lxjoq3kiq
[2026-10-08 18:40:39] heartbeat b818irb3t57ey013
[2026-10-02 19:18:29] cache miss key=zgxcwq6cqj3nmtgo
[2026-10-01 00:20:02] GET /api/ping 200 c3rfj7ao0q2t950s
[2026-10-06 14:05:14] heartbeat mpwrlnnqugq2toux
[2026-10-03 11:18:36] cache miss key=cckjcvf7injg9lf5
[2026-10-08 02:16:00] GET /api/ping 200 0e73yn43ukzlzgy0
[2026-10-07 13:17:29] GET /api/ping 200 y270ns71eri44d9z
[debug] attempted flag submit rejected: CTF{fake_41_nope}
[2026-10-06 08:10:33] auth ok user=0d4nadfkhqvhyjuc
[2026-10-04 08:29:15] heartbeat n5stdhnx19vbdwsy
[2026-10-01 09:41:48] GET /api/ping 200 fjrjg54p0e9gum1w
[2026-10-08 11:06:26] cache miss key=g30bwb91k8lhdpy2
[2026-10-08 17:44:10] cache miss key=cumn7mc2ay69vy2s
[2026-10-05 08:45:28] GET /api/ping 200 r11vccnm2o3rvbrh
[2026-10-04 21:14:29] auth ok user=8598hi37pzfttlya
[2026-10-05 14:18:52] GET /api/ping 200 ddrebbigy0pwtiiw
[2026-10-06 11:07:31] heartbeat 6yq5r53v8suhrwr0
[2026-10-08 12:30:18] cache miss key=apa493oll1had12i
[2026-10-08 22:27:57] cache miss key=9dg4i5wlo3jcgvhv
[2026-10-08 23:33:08] auth ok user=zkhfo78l7s3begw8
[2026-10-07 04:10:15] cache miss key=xokt93o0ghb01lqn
[2026-10-02 21:14:49] cache miss key=x23kuj5szxc5igx6
[2026-10-04 00:58:14] cache miss key=v5p57gzdltpaf9bw
[2026-10-08 20:59:27] heartbeat go193v3a5kos8fi5
[2026-10-04 15:05:02] GET /api/ping 200 fu6ple6tq4h58aar
[2026-10-07 14:39:31] auth ok user=mql7peoofquv9eml
[2026-10-07 02:10:56] GET /api/ping 200 6llkkf8kcteb0bp5
[2026-10-04 04:33:13] auth ok user=b8mpqkjphik1z2vh
[2026-10-03 10:38:08] heartbeat rflvedikp6f0izik
[2026-10-04 00:52:52] cache miss key=hw8qnwtbuatnr3pp
[2026-10-07 05:47:52] cron job finished ct53djr9wvum27ko
[2026-10-01 00:21:35] heartbeat 8efw2w6ike8pifhc
[2026-10-03 12:09:45] auth ok user=p68dhvqnmlab64q0
[2026-10-07 19:04:44] heartbeat lcmkienejcyizn30
[2026-10-02 03:22:42] auth ok user=0s4zfnlyf40ka6ty
[2026-10-06 19:39:51] heartbeat fufvn1yq4rb17n86
[2026-10-06 03:16:47] GET /api/ping 200 a0gelzg7zhdthrzo
[2026-10-01 08:23:10] auth ok user=1qzkjcanam1srcc3
[2026-10-01 12:44:19] heartbeat 1bxohl0b8tsvvjio
[2026-10-02 17:51:29] auth ok user=laqnzph11nrzmiph
[2026-10-02 18:07:42] cache miss key=e0xwrz7zfxxopo7h
[2026-10-07 00:58:45] GET /api/ping 200 0fd7b8ou9i8m1sfh
[2026-10-07 09:12:57] cache miss key=xtor8s8uymgjnkk9
[2026-10-01 12:46:53] cache miss key=vk9sftzw4vprkffx
[2026-10-07 12:01:40] cron job finished ynqgp8xbuf7t0v1i
[2026-10-03 12:09:42] cron job finished dexug7qkw2iq289o
[2026-10-08 21:36:40] GET /api/ping 200 y8qd7862rn6oiu2b
[2026-10-02 22:27:25] auth ok user=auxsjwg8xb1tqlrq
[2026-10-02 07:14:33] auth ok user=kkj9nf9i8qg617g8
[2026-10-03 21:58:55] cron job finished 2hs2t4wvls6jii7n
[2026-10-01 03:04:17] GET /api/ping 200 1lxmnnonhe85dqyb
[2026-10-02 04:00:03] cache miss key=8tm4qylsljdrji58
[2026-10-01 19:19:40] GET /api/ping 200 usd422zmaqfv79w5
[2026-10-01 16:25:19] GET /api/ping 200 i5qxk01tv0lgw1i3
[2026-10-04 05:41:54] GET /api/ping 200 vc7f3rmhok94h8qk
[2026-10-06 22:02:43] auth ok user=wsiieccc2mcu0i35
[2026-10-08 03:45:35] cache miss key=zln66jiglk52908w
[2026-10-03 18:22:32] heartbeat 1w6v2giuoyswc08f
[2026-10-01 01:57:30] heartbeat zgnrot33m946wit6
[2026-10-05 17:20:52] cache miss key=6aooxpl3pni0avks
[2026-10-03 03:44:09] auth ok user=4eaaek080u5v4pnl
[2026-10-05 05:21:31] cache miss key=hl9vvoqgph4rahxo
[2026-10-02 20:53:47] cron job finished i9msvbokhdlb7e5x
[2026-10-05 12:25:19] heartbeat k50z2j3h2e2hcnsx
[2026-10-03 00:23:27] auth ok user=fwe3wzqwb2aj8so1
[2026-10-06 05:58:17] cache miss key=ug1n44eaox17go79
[2026-10-08 11:42:47] GET /api/ping 200 tv94sxo45lic7oaz
[2026-10-01 12:13:49] heartbeat tl9ne2bnvhbe3ilk
[2026-10-03 18:20:53] GET /api/ping 200 fz33e24zfmp4qgtn
[2026-10-06 11:13:41] auth ok user=r6n15dwx3h9afdnv
[2026-10-02 02:45:36] heartbeat 02uyg2ghb9tdo74i
[2026-10-04 07:50:46] auth ok user=sqm0s7vhgl92vqte
[2026-10-05 21:59:30] GET /api/ping 200 rzq6vc5gqajlvqpw
[debug] attempted flag submit rejected: CTF{fake_49_nope}
[2026-10-07 12:37:48] cron job finished krwpvi327xyrpd9c
[2026-10-02 04:20:41] cache miss key=t0iilj6rg6tj3glh
[2026-10-04 10:58:52] cache miss key=ssgoyczpkufhvwa3
[2026-10-05 05:01:45] auth ok user=jsvdpo8itcxn1cgi
[2026-10-02 16:19:52] GET /api/ping 200 52rzmr8bu50mlwx2
[2026-10-06 17:31:12] GET /api/ping 200 wdflqq0z5so9j1qo
[2026-10-03 22:20:16] heartbeat cuem43nm4oi34mw2
[2026-10-07 11:06:07] GET /api/ping 200 8kwrce0sryjimq77
[2026-10-03 21:40:28] cron job finished dch23bym27oyn9l6
[2026-10-04 06:39:30] auth ok user=s6hakzaf2l02klzy
[2026-10-04 16:53:29] heartbeat eq31718ejaj1hetu
[2026-10-08 10:33:38] auth ok user=flhtli1wz1fzghjj
[2026-10-02 06:16:03] cache miss key=wbm9s9mltc9ksnjt
[2026-10-08 16:53:26] GET /api/ping 200 n798s7b2zhejgjk5
[2026-10-06 08:09:53] heartbeat ivydtxa1m6vdluwa
[2026-10-02 14:33:52] auth ok user=ua3s9wk2j0yzb9g9
[2026-10-05 21:16:29] heartbeat imee73kr2ypiwc0y
[2026-10-01 15:14:57] heartbeat dgw5k4k1w7q9q31u
[2026-10-01 20:07:05] GET /api/ping 200 uir84paz7lewxex1
[2026-10-01 19:06:04] cron job finished 95krejs5539n7udv
[2026-10-01 16:57:32] auth ok user=r7if3lxq78lc0phx
[2026-10-01 18:53:48] cron job finished 1q9wrgvzm8n2wlg6
[2026-10-04 12:31:11] auth ok user=pfq0ikzd7op58816
[2026-10-06 11:18:48] heartbeat jhzvigemcdefmiuq
[2026-10-04 09:49:05] GET /api/ping 200 o9nu96tzwbpe68ow
[2026-10-08 11:51:36] GET /api/ping 200 8c7ofy7eyurzdxb3
[2026-10-08 05:52:10] GET /api/ping 200 gdw66x4w6txyqhm2
[2026-10-05 12:59:28] cache miss key=bpbl7fz8hr967dxz
[2026-10-03 11:20:20] GET /api/ping 200 dt50rpjldoooouze
[2026-10-05 14:14:41] heartbeat vzmkawormp6h40qb
[2026-10-07 02:16:58] cron job finished 25ik1ohbyqyolumk
[2026-10-04 04:27:21] auth ok user=mia99zg5p1myua3j
[debug] attempted flag submit rejected: CTF{fake_25_nope}
[2026-10-01 05:59:27] cache miss key=8brcasmnfz3xyub6
[2026-10-04 23:25:41] cron job finished yx4i6vhm2bpwqljt
[2026-10-07 18:30:55] cache miss key=mhf3x64k899qwh5n
[2026-10-04 06:09:51] cron job finished ur41zk6pe5t8pcr7
[2026-10-07 05:54:55] cache miss key=js84c97cofqptwzt
[2026-10-06 21:00:06] cron job finished yjgzy0etmpdgxvhk
[2026-10-04 07:42:42] heartbeat 6dr57gj5u8fhmgnu
[2026-10-03 02:34:42] cache miss key=4p81mc6535qjx2on
[2026-10-08 11:18:23] GET /api/ping 200 9v9spapfoylxtgi1
[2026-10-07 14:37:22] auth ok user=n0jj1tboq9vrqssu
[2026-10-02 14:45:34] auth ok user=1q1y9tpzvm1ndt18
[2026-10-05 11:07:57] cron job finished 0eu4ew0x1hxxgp4v
[2026-10-02 11:49:08] heartbeat xroscvjmtk2805sv
[2026-10-05 13:00:25] heartbeat g51q82uk5bzsiqkc
[2026-10-03 00:13:29] cron job finished lhmny6oeizy3lurm
[2026-10-03 13:03:20] cache miss key=n1p329s5dn2lf5jf
[2026-10-06 08:35:47] heartbeat i2un4v0k4i5e4gv3
[2026-10-08 18:02:20] cache miss key=nenl0d1wcllnonv8
[2026-10-05 12:42:04] cache miss key=8gftg3nwcp2oso1w
[2026-10-01 05:14:33] cache miss key=uchk097tb9qgvdok
[2026-10-03 06:45:27] GET /api/ping 200 6o7269s527a8lf1f
[2026-10-08 09:23:31] cache miss key=n01jzmwdsueb62k5
[2026-10-03 01:12:37] heartbeat 5m5lw538edrp7ygg
[2026-10-06 16:40:33] GET /api/ping 200 khn5fibhd5vepvfc
[2026-10-05 07:05:58] cache miss key=drz6wdka37fusq1x
[2026-10-08 23:32:24] cron job finished up8i4gv5ylazh9ch
[2026-10-01 23:15:06] auth ok user=am7zkxort920m9wi
[2026-10-04 14:28:49] cron job finished ythix8cv8ll5trqv
[2026-10-02 20:47:43] cache miss key=u8m0lt0yhqsoh6ih
[2026-10-08 16:28:46] auth ok user=wifwls2o70wkl800
[2026-10-05 11:14:16] cron job finished q5eg1275qzydrr04
[2026-10-08 14:09:35] auth ok user=fmoysa9i8injy1kq
[2026-10-01 17:59:11] heartbeat sa9bh3b37jnwxuu6
[2026-10-08 22:54:33] cache miss key=51a2ilx2oa9s23na
[2026-10-05 16:24:42] GET /api/ping 200 znyrvm94nssx7330
[2026-10-04 10:12:42] auth ok user=jft5ksbx1h2lh3in
[2026-10-04 09:36:15] auth ok user=ke6uaoew5t4pfmmx
[2026-10-04 06:17:36] cron job finished 2db3hwd0ac6ak8pi
[2026-10-05 23:41:30] auth ok user=o3lhifzvc9qhb39g
[2026-10-07 12:18:41] cache miss key=k5hpo2mk5tr8zihy
[2026-10-06 16:02:15] GET /api/ping 200 nu2otgrz4et5co9a
[2026-10-06 13:04:22] auth ok user=4zys5qe6h888szg1
[2026-10-07 10:08:33] GET /api/ping 200 f4qkujfbeb96gouk
[2026-10-07 08:24:12] cache miss key=qnrxjacnjcckt63l
[2026-10-06 04:19:06] auth ok user=8jocil94cnirpymc
[2026-10-04 18:04:57] GET /api/ping 200 nng0ss4913d3gsqc
[2026-10-02 23:29:30] cron job finished 0qr3j6e7lp1msfu0
[2026-10-02 19:51:28] GET /api/ping 200 47209lvc7scpsqi6
[2026-10-06 20:53:25] auth ok user=483k9a3wqfoli4fe
[2026-10-02 11:09:25] auth ok user=67g6rbsexbo10li3
[2026-10-04 17:48:23] auth ok user=dmby766rvd2g0c28
[2026-10-05 12:57:47] GET /api/ping 200 7cqwrllao2ukevzu
[2026-10-01 11:38:47] auth ok user=0i74k8vi01zs48kr
[2026-10-01 20:22:44] cache miss key=8f6ifk18ethr4lkn
[2026-10-02 01:02:33] auth ok user=anb54gughg58n0be
[2026-10-07 14:49:54] GET /api/ping 200 qnpzp0cnn3wl23sm
[2026-10-06 12:36:55] cron job finished g525qa6f8yugz1v8
[2026-10-04 05:10:03] auth ok user=nv8264i27fvh3j9n
[2026-10-05 00:01:42] heartbeat 37daunsr4tgupw4s
[2026-10-02 16:51:32] auth ok user=y9b9t7p86endy5xy
[debug] attempted flag submit rejected: CTF{fake_19_nope}
[2026-10-03 02:38:20] GET /api/ping 200 2hpq96m56vzas1d8
[2026-10-04 19:53:41] GET /api/ping 200 h87v4jvrz7umanra
[2026-10-03 15:02:25] cache miss key=v68a2wo7jbciribx
[2026-10-03 04:46:15] cache miss key=9g84qx3xpml01tp5
[2026-10-02 11:23:53] cron job finished lxumax6nhwd9osbq
[2026-10-07 18:22:57] heartbeat zevz3elfzd910izz
[2026-10-04 09:14:27] auth ok user=73j066es1wse0uwf
[2026-10-05 10:47:46] auth ok user=vldoqedgvkv325vh
[2026-10-07 04:21:20] heartbeat yg155gt0hqylj37d
[2026-10-08 07:56:03] cron job finished r56bkzi4z5mg1hgv
[2026-10-01 09:23:41] GET /api/ping 200 s9w58fnxb6axseth
[2026-10-05 01:25:17] auth ok user=xokbhpkzthsespdw
[2026-10-06 00:52:21] heartbeat 5776xj8uehi8ykou
[2026-10-01 19:48:46] heartbeat g9m31vgb8fwncjm0
[2026-10-01 16:03:44] cron job finished bsjjrbfbkygm2ztn
[2026-10-08 16:00:26] GET /api/ping 200 47x4y0mwsf3pgs7b
[2026-10-03 20:05:15] cron job finished t0s5gwiw618h3l19
[2026-10-06 19:35:22] heartbeat s57zp6dq1d41hc4r
[2026-10-05 13:17:58] GET /api/ping 200 cme0pv3bllg5ys7w
[2026-10-06 14:42:41] heartbeat 19tld3n9y06r1ycg
[2026-10-03 01:04:18] auth ok user=lpz9sw73e6jzew5n
[2026-10-04 04:22:48] GET /api/ping 200 bb0ocjuaoif8jr0f
[2026-10-03 06:42:26] heartbeat fbvjrjo9a5g1fgqh
[2026-10-04 07:39:03] auth ok user=87v4kxq91i6c62yu
[2026-10-06 21:27:00] GET /api/ping 200 2sj6ihsmbqj5eqwt
[2026-10-07 04:25:13] auth ok user=0u5auzfmd1gikyfe
[2026-10-05 17:48:44] heartbeat vq3kqte5uidkc2ed
[2026-10-08 22:41:35] heartbeat ngds1jbpoj6croz9
[2026-10-01 00:52:36] heartbeat 5y5qxihyh6bhea3c
[2026-10-02 04:25:43] heartbeat 4flmvyu6poucwva1
[2026-10-08 16:59:35] cache miss key=4w52bs284obmsag8
[2026-10-04 11:44:24] heartbeat 7f5vw6v526b68edl
[2026-10-08 16:15:51] cache miss key=sfw8z3p8n63mn7fd
[2026-10-06 08:58:24] heartbeat d45tkssyub6945h7
[2026-10-02 02:58:11] cron job finished 264hjlzkw3b9x5pp
[2026-10-05 12:48:41] cron job finished 1s2h18n0efphg77u
[2026-10-01 05:09:49] cache miss key=aqo4nodvqz984ohv
[2026-10-05 00:17:48] auth ok user=baedzlij9h2hwd21
[2026-10-06 11:19:04] cache miss key=uls45tcgdgrxqyeh
[2026-10-05 00:32:11] heartbeat tycp5mvwvgkewye5
[2026-10-03 14:17:42] auth ok user=yrvlluldfooovk4z
[2026-10-08 11:10:49] GET /api/ping 200 2rfwjwlqydz01uy2
[2026-10-07 14:15:52] cache miss key=cnhb5t5my5eofltk
[2026-10-06 18:33:44] auth ok user=pyywdju02nz7jfz1
[2026-10-02 17:47:04] GET /api/ping 200 0zt3mnflm0kkq8pd
[2026-10-03 10:07:26] GET /api/ping 200 vws6oaumrudspzs3
[2026-10-02 13:11:29] GET /api/ping 200 vbqf17d6pl4impdx
[2026-10-06 00:49:13] auth ok user=6rddtvs37qv26vs7
[2026-10-07 17:27:28] cache miss key=a0m8hdn00ysqu3ui
[2026-10-07 22:40:02] GET /api/ping 200 buhg9bk4ltuajghi
[2026-10-05 22:44:24] heartbeat s97q7p9ow26219s5
[2026-10-04 22:12:30] heartbeat c98fpn91gs4taw9o
[2026-10-01 07:18:28] cron job finished al4ny16zgjzx2eq6
[2026-10-06 10:11:38] cache miss key=qs2qjabg3s3bhs7r
[2026-10-07 17:36:06] heartbeat y4jgti3gpuc74kqx
[2026-10-03 05:14:55] auth ok user=8d3jxhukl3lt1vpq
[2026-10-05 05:48:34] GET /api/ping 200 179evnz4qv9y6rnk
[2026-10-08 23:36:57] auth ok user=q2lqaj79830vyyfd
[2026-10-08 17:43:43] cron job finished 3pj0iro6khkn0f5e
[2026-10-04 15:39:01] cron job finished 48s9fk70fnab5bgu
[2026-10-02 12:49:01] auth ok user=ffbaj9t88gqjmlgc
[2026-10-08 00:10:43] cron job finished gd24bcptfimnscto
[2026-10-06 19:02:19] heartbeat m5r555t1zpm14u5s
[2026-10-04 06:53:02] auth ok user=jwuscpqfx8km2ba3
[2026-10-05 21:14:07] auth ok user=vgs19rp3u9hxkdls
[2026-10-07 08:18:25] heartbeat 0lxs8zcsbz8qytof
[2026-10-04 11:41:49] cache miss key=0ilgyd3tszjlmrvj
[2026-10-05 15:35:07] heartbeat ey8arooocd9hjppn
[2026-10-04 11:32:02] cache miss key=t78v9el48pwiv19b
[2026-10-03 08:03:48] cron job finished 0yj36y96kbi1eiz7
[2026-10-07 09:02:14] cron job finished jl3d3t6n83ogqkzo
[2026-10-02 14:16:36] cache miss key=moj8jx4ikp0glds1
[2026-10-04 05:22:58] cache miss key=h0oox5e6vw1cni4p
[2026-10-05 06:42:06] auth ok user=z63jxzo509o85qiv
[2026-10-06 12:50:54] heartbeat n9m8jobac0wyialq
[2026-10-02 03:50:55] heartbeat eop8l6v104wpz14y
[2026-10-03 13:54:19] cache miss key=cacrggbi05f11908
[2026-10-01 03:47:09] cache miss key=r2z42s178hyku4wp
[2026-10-07 00:58:18] cron job finished hj0ak2ktl4ml2inl
[2026-10-07 04:41:13] heartbeat x26wuusvktgud2te
[2026-10-07 18:51:16] cache miss key=9ttn93x28ktwckwe
[2026-10-07 23:51:50] heartbeat wtttcmwsya6lj4rm
[2026-10-07 22:42:42] GET /api/ping 200 dymmb1sp7xzj66u6
[2026-10-01 16:07:26] cache miss key=m3vos02l9d5q4zdf
[2026-10-04 22:52:12] auth ok user=yeartq17gswifsfv
[2026-10-04 04:05:28] GET /api/ping 200 v5oozbnfll3b2raa
[2026-10-04 07:29:55] cron job finished 2pk0qqi1ss3c3xs5
[2026-10-06 12:26:21] GET /api/ping 200 1qwz27gz9p464b8w
[2026-10-04 08:46:08] GET /api/ping 200 whd9qkxygtt0adbj
[2026-10-07 20:16:11] cache miss key=trckl6ouvoa1v085
[2026-10-07 04:28:29] GET /api/ping 200 v1pvlcjyoq2nh8nm
[2026-10-03 07:44:49] auth ok user=scaigrh23do71dew
[2026-10-03 18:54:11] auth ok user=xkyaiaxhn8mimmjz
[2026-10-06 04:04:37] GET /api/ping 200 tuxlo00xabhu7x7o
[2026-10-04 01:52:55] cron job finished w3l6ocgnmzmm6mdm
[debug] attempted flag submit rejected: CTF{fake_32_nope}
[2026-10-07 03:08:09] cache miss key=xgoxlce4gd5f0uf9
[2026-10-05 12:17:09] cache miss key=0y38ibfa7az4apcy
[2026-10-05 05:21:24] heartbeat ckcj9evfpl962ptd
[2026-10-06 21:31:39] heartbeat 5h11n841ibkpagf8
[2026-10-03 11:12:16] auth ok user=ot7zerwi3arhin0r
[2026-10-08 00:27:03] heartbeat ledx67kitibremid
[2026-10-07 12:15:23] cache miss key=6tz3tsoj270dgutt
[2026-10-05 22:50:51] heartbeat ryx6d4ds8dxj9rnd
[2026-10-04 13:22:37] cache miss key=aahfqyo1zzl96mbq
[2026-10-02 10:28:14] cache miss key=r94klscb2ho0dgr9
[2026-10-02 18:59:30] heartbeat h6f6kuzbx1sooutk
[2026-10-03 00:13:03] cron job finished p4w4ra925wb0q4bo
[2026-10-03 17:24:08] GET /api/ping 200 8zp658li1zomeafv
[2026-10-07 10:02:28] GET /api/ping 200 emhwme8hp4n3ykrd
[2026-10-01 07:51:04] auth ok user=p3t034gw36pck6hz
[2026-10-03 05:16:54] heartbeat zmpt2i4inh9ozwxn
[2026-10-06 14:46:20] auth ok user=f7klgg9xrjpgzypa
[2026-10-04 12:46:36] GET /api/ping 200 wyclm1s5g7tu41k4
[2026-10-07 23:31:07] heartbeat dp9lolu2zr1nguq8
[2026-10-07 22:04:53] heartbeat r7usuusm651tf3zz
[2026-10-07 02:45:47] auth ok user=ee8zl331mx1mcqcj
[2026-10-06 14:42:04] heartbeat 829jfnuofmk2od5e
[2026-10-08 08:01:30] auth ok user=qv20sjpi2xhpcb5s
[2026-10-08 04:46:37] heartbeat k8s2ftnczytjem4f
[2026-10-04 22:43:49] heartbeat xvcyo7x9e5plcr2l
[2026-10-03 15:12:38] auth ok user=b1qgg519gfstx49r
[debug] attempted flag submit rejected: CTF{fake_53_nope}
[2026-10-06 14:56:59] cron job finished nz76repbrnhdebum
[2026-10-01 00:54:06] cron job finished qpg1ztvxif8vit6w
[2026-10-08 17:00:11] heartbeat cc2vudtsnq5q9wy4
[2026-10-02 18:03:35] GET /api/ping 200 i4tz5xdeorynwlj4
[2026-10-02 16:08:51] auth ok user=kdya5aguwvw5t84q
[2026-10-05 00:16:07] heartbeat bh0xretpyln2xssj
[2026-10-07 14:31:46] heartbeat 6o1f6lkd91hvh468
[2026-10-03 09:57:30] auth ok user=iegzytfvycgwaggp
[2026-10-02 09:25:32] GET /api/ping 200 gf9nrngcyyalx86u
[2026-10-03 00:17:00] cron job finished xc22zef9gxp69k7g
[2026-10-08 05:05:15] auth ok user=eco4b4jebq2laqxv
[2026-10-01 20:50:42] cache miss key=tw7cim8x5konfwhi
[2026-10-08 23:02:24] cron job finished 7ti0jp6evonlx24q
[2026-10-07 03:35:51] cache miss key=8ifb9dda4nct2u3b
[2026-10-04 02:58:24] cron job finished 90em9tb2ysrb5x31
[debug] attempted flag submit rejected: CTF{fake_21_nope}
[2026-10-08 20:20:05] cron job finished 28skmrsj4nruzo57
[2026-10-02 05:56:06] cache miss key=k5pupy64fkujjsuz
[2026-10-02 06:43:11] heartbeat 5p0j4jvx3lxwnh7r
[2026-10-02 19:39:13] cron job finished ucbjyepr8x2bu90m
[2026-10-02 11:54:21] GET /api/ping 200 hkz3ufblaydv4e0a
[2026-10-02 20:24:53] auth ok user=yf5gds9azwyi28xu
[2026-10-02 13:51:34] auth ok user=o0ysdzty4k9q5yv3
[2026-10-03 05:33:51] cache miss key=1zjts28cgrrdmay3
[2026-10-04 09:04:29] GET /api/ping 200 jfdxu9pj697pohr1
[2026-10-07 17:29:16] auth ok user=etqapnmrxar1lwe0
[2026-10-05 19:32:21] cron job finished byd07st0hb8k8dgn
[debug] attempted flag submit rejected: CTF{fake_28_nope}
[2026-10-04 13:32:28] heartbeat wzs0gst2aojp6um3
[2026-10-04 01:25:18] heartbeat s0zzql30zq1qla5k
[2026-10-05 15:26:53] heartbeat wrnx3g9lb562s2yp
[2026-10-03 06:35:59] heartbeat 0i0t065lx7q6x1r8
[2026-10-08 03:17:27] heartbeat 5jjlj4zns81ilnx7
[2026-10-06 03:41:33] cron job finished kto0ooey4b3gf1tx
[2026-10-06 19:43:38] cron job finished vemzvf6xuwiv6gsj
[2026-10-06 15:52:17] cache miss key=1tl8r5x7gg152i22
[2026-10-01 08:53:57] auth ok user=59sm1eg7chvt289q
[2026-10-03 08:14:35] GET /api/ping 200 yytwoph1oxsubwsa
[2026-10-07 06:07:00] cron job finished ctnz1qqd54csfwlo
[2026-10-04 18:45:25] GET /api/ping 200 vywc4v3gq4jmq7h1
[2026-10-04 18:02:59] heartbeat 8u1ka0upkuvtv2xo
[2026-10-06 15:09:50] heartbeat fp52kuk31351lgyk
[2026-10-06 09:47:59] cache miss key=2jfxjqfuo8a0fegh
[2026-10-05 00:09:54] cache miss key=ox8iamhoyljwg1aj
[2026-10-06 19:09:03] cron job finished z5hlaf3w4u05tyws
[2026-10-07 10:02:13] cache miss key=vlimsrixpidymyrz
[2026-10-08 17:37:48] cache miss key=3w59961rzj5yf9d4
[2026-10-03 11:45:03] cache miss key=xy04rypvf0q9kkky
[2026-10-07 01:17:40] GET /api/ping 200 9t9iru1is2yk7375
[2026-10-05 18:44:57] heartbeat lunaaikn6u119va6
[2026-10-05 19:55:48] cron job finished ty1re9jdomnj817o
[2026-10-08 01:38:28] GET /api/ping 200 58eqe6bibihhk4ot
[2026-10-01 02:20:30] heartbeat 9ttg0ppseu2tab59
[2026-10-01 18:55:39] GET /api/ping 200 8zbe7qzu31p4bfpk
[2026-10-05 15:42:49] auth ok user=udv4c9et6agt5cqv
[2026-10-07 14:37:58] heartbeat c2qohl1sti3zqbea
[2026-10-01 14:48:22] cache miss key=h6l0d64mto7yfo92
[2026-10-04 17:41:56] cron job finished 1xsbqbdivrbiowxv
[2026-10-07 05:42:39] cache miss key=fzxx6bjhi91zvnc8
[2026-10-04 02:00:56] cron job finished b8esayf74aqcjheo
[2026-10-05 12:57:50] auth ok user=ombee1f9fdqwim4m
[2026-10-03 16:31:26] cron job finished enzhqb3f6dtj0wwr
[debug] attempted flag submit rejected: CTF{fake_31_nope}
[2026-10-03 12:54:12] cache miss key=8ej83s0nan91d69n
[2026-10-07 07:13:06] heartbeat nk3uf7lcm7ixwrhl
[2026-10-06 13:27:54] auth ok user=6z1vgjbhmb9am2qk
[2026-10-03 09:54:27] auth ok user=77nylghnjj6nu7hf
[2026-10-07 04:49:00] heartbeat 65g1662wmijo2dhe
[2026-10-01 04:20:08] cron job finished s0rvj6p5xcrs5k16
[2026-10-02 12:07:31] GET /api/ping 200 g5st2gdti1agaxu9
[2026-10-03 14:33:40] cron job finished ma0ch3x5116vbfr1
[2026-10-07 19:32:58] cron job finished 515kq9tfj09rvpz9
[2026-10-02 14:28:56] cache miss key=ac92khipiq2r740k
[2026-10-04 10:54:20] GET /api/ping 200 zc7tbn0w0a5rr3lq
[2026-10-02 00:06:17] GET /api/ping 200 863atyd7th41l73d
[2026-10-07 03:31:02] GET /api/ping 200 af8usocku5e6kl0w
[2026-10-06 13:17:03] cron job finished gubf34v7xdcxnlk4
[2026-10-01 01:29:53] cron job finished upiohn6j395upnkf
[2026-10-02 17:48:15] GET /api/ping 200 rfzmefroz1ocgrll
[2026-10-01 20:22:56] heartbeat b2kbgc1twcg3vwsi
[2026-10-03 07:51:34] auth ok user=ch2d6cio8efhhxxx
[2026-10-05 08:39:29] heartbeat hdwp305n525q4mwy
[2026-10-06 19:29:21] cron job finished 7xql23mfoyy0ig1k
[2026-10-02 08:55:56] cache miss key=5puu1werhmgcrdtj
[2026-10-04 13:08:45] cron job finished vxaxaq9ffehbnwdi
[2026-10-04 21:51:05] cache miss key=duuj21j3sp11knzi
[2026-10-08 23:44:47] cron job finished ck3lzvxvyaoelziq
[2026-10-05 22:13:50] auth ok user=gkntvt73s1fqrwqw
[2026-10-02 13:32:59] GET /api/ping 200 bafuc40jd26a0fxv
[2026-10-03 09:25:40] heartbeat mtiw3l5lsdzb98n3
[2026-10-08 16:29:32] auth ok user=axoydpde130d1qpo
[2026-10-03 00:46:34] cron job finished q7apr2442vvl4lt2
[2026-10-05 13:26:53] heartbeat uaphjbdp0chmlun4
[2026-10-08 12:05:06] heartbeat bw9nrdvia36dqml1
[2026-10-03 03:48:03] auth ok user=pezu9pdbk1b9ptsv
[2026-10-03 02:17:39] auth ok user=j2uge7doqz0qsco1
[2026-10-03 10:16:26] auth ok user=0kq2knjc6bxwfp67
[2026-10-08 01:18:44] cache miss key=v4ri8z1ilsqi3g9l
[2026-10-06 18:12:44] GET /api/ping 200 rs431rsadbzd90nh
[2026-10-04 09:03:09] heartbeat htf9keh5h89v58xv
[2026-10-08 14:48:47] GET /api/ping 200 m400oiglkc2v9fhu
[2026-10-07 21:57:43] auth ok user=a38qkiwn1fbla9ap
[2026-10-07 07:39:46] auth ok user=9dcsgyve86l8nf86
[2026-10-06 13:35:23] cache miss key=ajodayw0597lfp09
[2026-10-05 20:23:20] GET /api/ping 200 1vomy8j4mprn4q53
[2026-10-03 11:44:51] cache miss key=n5jd4prl91z24t33
[2026-10-01 17:27:23] auth ok user=w854dqzan733qj6i
[debug] attempted flag submit rejected: CTF{fake_13_nope}
[2026-10-06 16:57:07] auth ok user=j9bsj3uy0x7g28lg
[2026-10-03 18:12:52] cache miss key=zhzkdhwflz0u29p5
[2026-10-05 08:57:58] GET /api/ping 200 se1giq3ba20br56q
[2026-10-04 10:49:27] auth ok user=1lmm7g9hfned2ttn
[debug] attempted flag submit rejected: CTF{fake_29_nope}
[2026-10-07 12:45:56] cache miss key=xliwunrzfhz2padl
[2026-10-02 06:07:01] cache miss key=vi97nzq8lvc1wyu3
[2026-10-03 03:30:06] cron job finished wuy0yy0jzcszyveu
[2026-10-07 11:40:14] heartbeat 7oanvupzc24q0uvw
[2026-10-07 13:14:30] cache miss key=97o4k3sv5qfwguw4
[2026-10-08 07:34:56] cron job finished 0ise2f8remkrkgwl
[2026-10-07 14:54:48] heartbeat nfyhs8h9624hg7r2
[2026-10-04 23:37:37] cron job finished ysn855i8tvkor1ee
[2026-10-08 03:14:32] cron job finished z9ioknb8c6x3g9zl
[2026-10-04 04:40:07] cron job finished i1kn41mo7mv3j6ts
[2026-10-07 16:41:01] GET /api/ping 200 yag10mlrbr8a71sj
[2026-10-01 01:19:09] cron job finished y062222nng9ife9g
[2026-10-02 18:19:17] cache miss key=sluy7oann7iaozrb
[2026-10-05 15:18:13] cache miss key=izxlx80amwsdeqs3
[2026-10-01 08:53:32] cron job finished 1bhjg2eme3rcvbys
[2026-10-02 04:32:59] cron job finished 538ijhh5ode3g79v
[2026-10-08 02:22:02] GET /api/ping 200 8k53kh3eg1q2dbik
[2026-10-08 09:17:53] auth ok user=7eocmv5qdrk3si8d
[2026-10-03 07:56:30] heartbeat exqt2p1zu9yqoh5p
[2026-10-02 01:34:50] auth ok user=6u6vf5zv8bgkusug
[2026-10-02 14:34:27] cron job finished hrazpxvr8g71l5x6
[2026-10-01 12:11:47] cron job finished 0g45wph5izgttd8l
[2026-10-07 13:41:45] auth ok user=nfg6scoc1bhn3c1e
[2026-10-04 01:24:02] GET /api/ping 200 1fcq7ojk37hrnzis
[2026-10-08 18:20:32] auth ok user=67qtef4nemlwgi0e
[2026-10-06 02:53:03] heartbeat zhmjsbmuunhsjltx
[2026-10-02 20:38:40] GET /api/ping 200 ypinfvi298ixxgib
[2026-10-07 08:28:49] GET /api/ping 200 q15ekmzcmnvv09hv
[2026-10-03 00:00:47] heartbeat 2rdcwyc75hos13y8
[2026-10-06 04:25:29] cron job finished co4eyxevwl6d4qsq
[2026-10-07 02:57:03] cache miss key=3ewel030fn0gfj1m
[2026-10-02 12:26:38] GET /api/ping 200 5wa2pwjfamv89g2l
[2026-10-04 10:43:00] auth ok user=1o71mypvp2pjzfdq
[2026-10-03 00:17:45] heartbeat hfvlddvx9ei1e6qc
[2026-10-03 14:45:38] heartbeat uep0byvz44wf5s61
[2026-10-03 06:05:47] heartbeat pao9qjkeacqaptk7
[2026-10-02 14:01:49] cron job finished 1kkuk1e0ccbnckkl
[2026-10-05 16:34:20] cache miss key=skc17hyx5y3rege8
[2026-10-04 15:05:25] heartbeat fiu3bi75w77pke9t
[2026-10-05 10:32:29] cron job finished 3phsslfh6hf5nuv4
[2026-10-06 15:05:01] heartbeat r0c54k4ogkh67vsd
[2026-10-05 04:31:22] cache miss key=g09ftr1o7g1n0a8n
[2026-10-05 23:39:49] heartbeat hha5flpxoh9mnr8o
[2026-10-03 01:13:07] heartbeat 9vvbycwi9d9mqa4s
[2026-10-05 08:18:04] GET /api/ping 200 3kc3pjc0zs0kxmul
[2026-10-07 01:26:49] auth ok user=gox1mvbgfxfji49x
[2026-10-08 03:54:09] cron job finished 4mt5j4owe3wvdm54
[2026-10-01 03:46:46] cron job finished tytk95soq021ttmq
[2026-10-06 00:56:34] cache miss key=ngohmmv16rn0cf8e
[2026-10-05 10:24:18] auth ok user=7enzwjdayc1gjisi
[2026-10-05 00:03:55] GET /api/ping 200 qumm8pasjvxxy89o
[2026-10-05 17:45:33] cron job finished 4if83geivftgcbf7
[2026-10-02 02:51:36] GET /api/ping 200 xt2kl0udkpi3dpj7
[2026-10-02 14:41:08] GET /api/ping 200 g8ygypf93z956lce
[2026-10-05 14:58:51] heartbeat ysqz31w6mn9iywxx
[2026-10-01 18:31:28] cache miss key=bg2leck1vh0rhez8
[2026-10-02 05:24:31] cache miss key=7h6pt2t9h0k064so
[2026-10-06 17:57:06] GET /api/ping 200 9lu138hko6k7kin0
[2026-10-02 10:10:42] auth ok user=jvbq7xn4ht22yu6w
[2026-10-04 11:32:03] GET /api/ping 200 3wip0bl7zew5aka4
[2026-10-01 01:55:45] heartbeat 49zt1dr7gepzzty9
[2026-10-06 19:08:41] heartbeat 1w2ka9zrm7gsrn0d
[2026-10-08 00:06:54] cache miss key=nxevjfniid4vauvc
[2026-10-07 08:26:33] GET /api/ping 200 z8wneh0n34u0yvfy
[2026-10-05 15:24:45] heartbeat wpiy3t72745vluz1
[2026-10-03 20:17:35] cache miss key=9rnyd60nf3ck0m3q
[2026-10-05 15:59:14] heartbeat g6wo9zyk6v5cfxar
[2026-10-03 19:00:41] auth ok user=5lldolsl1tk5qydo
[2026-10-01 06:23:28] auth ok user=alty27cyhmsue1ra
[2026-10-06 20:25:10] GET /api/ping 200 tmcqsa9a84jgofvd
[2026-10-04 21:17:09] cron job finished expf4aj1cjlbrx1h
[2026-10-06 18:12:54] cron job finished y3d9kd7eumjn8zci
[2026-10-03 04:49:43] heartbeat h8778b5y2rj5r8yc
[2026-10-03 04:46:37] cron job finished bx1m79r1wp4dboea
[2026-10-04 03:50:23] heartbeat 9e58vf5lkb63ieq4
[2026-10-03 10:50:00] cron job finished ly5by8lrf1i3jaqp
[2026-10-01 16:42:01] GET /api/ping 200 ukf38wxx7lpugsos
[2026-10-05 06:45:22] cache miss key=q5deliuqi2si54kp
[2026-10-08 17:37:57] cron job finished kpo51kaay45oij5n
[2026-10-08 19:52:12] heartbeat mbo14f1osasydu7z
[2026-10-08 14:55:38] heartbeat wav1gfygkjdhvr8n
[2026-10-06 02:59:18] auth ok user=9arvu22vo0kfkclf
[2026-10-06 21:25:20] cache miss key=wzfeux1urp02re1g
[2026-10-02 00:51:12] heartbeat ew2xkwnk4gh0fqvs
[2026-10-01 03:12:35] heartbeat icfjhgm2j0nnf3ap
[2026-10-05 03:16:18] cron job finished 24mmpcjy0vztptq4
[2026-10-08 08:12:41] cache miss key=kt9ywluive7eec02
[2026-10-03 04:54:17] heartbeat ifeizjdz0tsnnyao
[2026-10-08 03:38:12] cron job finished 7539ertqmgxidf2n
[2026-10-07 07:27:31] heartbeat exe4irrakawvpaqp
[2026-10-06 22:50:45] GET /api/ping 200 ywe6fz33ul5d9vb5
[2026-10-07 17:56:18] cron job finished l9mv20mj05f0ias2
[2026-10-03 09:31:18] auth ok user=v3hwzkhndyiplbvk
[2026-10-08 19:32:01] cron job finished xly94vwoykq1fzo6
[2026-10-08 01:43:01] cache miss key=2z0xc7e76pe6k1i3
[debug] attempted flag submit rejected: CTF{fake_11_nope}
[2026-10-01 18:24:18] cache miss key=9khmrkw84y6hx58m
[2026-10-03 16:26:45] GET /api/ping 200 c9n29eq1kbazrcob
[2026-10-03 14:38:27] heartbeat hf50ubtcyouw7ckv
[2026-10-02 12:55:15] auth ok user=090bg12i8qn7vcor
[2026-10-08 00:14:44] auth ok user=stksyd2vmfbp03tf
[2026-10-06 22:28:56] cache miss key=qtpsg34ucyb7qpbe
[2026-10-06 09:07:36] cache miss key=3fbzug84lhwreiq2
[2026-10-04 20:46:37] heartbeat yubkocoxr40ko2tf
[2026-10-04 19:55:02] cron job finished jtpabgdq3ra724ce
[2026-10-03 18:21:38] cache miss key=2p0lxeqgorr4gzjo
[2026-10-02 00:13:15] GET /api/ping 200 wq6xb0b15q17bwd4
[2026-10-03 04:29:58] cache miss key=vpwhfud513c9vej0
[2026-10-04 15:15:12] auth ok user=xglry5py1s383jdy
[debug] attempted flag submit rejected: CTF{fake_12_nope}
[2026-10-02 13:26:57] heartbeat 1bt4zzew2j5xgkh6
[2026-10-07 17:47:09] cache miss key=t8g9u0f0q5immind
[2026-10-02 00:19:32] heartbeat nv6joa1bqfsznk7v
[2026-10-05 16:02:37] auth ok user=872sg1xr437fnney
[2026-10-04 00:37:02] cache miss key=8nbm2qnozdbpen3f
[2026-10-05 00:27:27] GET /api/ping 200 yavrakw81fm9nzfg
[2026-10-08 00:11:49] auth ok user=zq7g0gpijijgiel8
[2026-10-07 11:20:47] cron job finished ptjh5iecrssn5rwd
[2026-10-02 15:09:16] GET /api/ping 200 0b6yo4wzp065766t
[2026-10-07 20:43:28] cache miss key=ncw8egcdvgigb06g
[2026-10-07 14:21:46] cache miss key=x7o3execau2sv104
[2026-10-08 23:53:01] cache miss key=2aihj04aqqrbved0
[2026-10-02 12:22:55] heartbeat k1twz7dylijqvlvm
[2026-10-06 13:28:11] cache miss key=b8ms4z41jetjlsfw
[2026-10-04 18:44:06] auth ok user=cyv3b69n85hvjfzp
[2026-10-07 16:36:29] GET /api/ping 200 dhg6ybut8pvyueww
[2026-10-06 16:48:08] GET /api/ping 200 sq2np1ajqdu6gawu
[2026-10-07 03:07:29] cron job finished iavwpyolguhkw55v
[2026-10-05 09:15:47] GET /api/ping 200 yljpqsbcfnuasm28
[2026-10-05 11:02:44] auth ok user=n39haoswzk7kkqo8
[2026-10-03 13:10:06] cron job finished fetl1ga90ywc5l9a
[2026-10-02 16:43:49] cron job finished p1boax7b1u7tn46d
[2026-10-05 14:58:58] auth ok user=z3vanq1k9e1ohfig
[2026-10-03 02:28:25] auth ok user=h4tepbydcp1bkleq
[2026-10-08 03:31:29] GET /api/ping 200 fgqiow3a3zhia90i
[2026-10-06 05:10:07] cron job finished 99ub8iw6fe33d9oq
[2026-10-03 22:20:41] GET /api/ping 200 s0z3quqo5f64veyi
[2026-10-06 20:19:37] auth ok user=1ebdg1d7pg3gbvpl
[2026-10-06 09:33:42] auth ok user=aphggnite16mfemb
[2026-10-01 22:38:16] auth ok user=y3t5t18oby9fl6sz
[2026-10-05 19:39:15] GET /api/ping 200 0yvc3911ssj579s1
[2026-10-03 05:33:18] cron job finished khshpgch3mwkjtcb
[2026-10-01 02:29:17] heartbeat vjigpi6ejh1fxab0
[2026-10-02 05:09:33] cron job finished wxqc9xp4nmjr2xyh
[2026-10-05 10:31:09] GET /api/ping 200 plkgm1zitjpjzn10
[2026-10-08 21:09:10] cron job finished 3l62wyzfnknwvctp
[2026-10-02 00:46:48] auth ok user=mnqqfdplbdgcm39x
[2026-10-01 11:54:48] cache miss key=qlpql0orqg4bi4md
[2026-10-08 16:00:48] cache miss key=ydq245dmqeqt8muk
[2026-10-04 09:37:27] heartbeat sxiybs44v6p0orep
[2026-10-01 09:47:48] cron job finished 9iul4to5ga65ibz4
[2026-10-02 10:38:13] auth ok user=sr321mtudzrszyvn
[2026-10-03 03:29:01] cron job finished 1vudh33qreghhh6m
[2026-10-01 23:52:34] auth ok user=3c5phd16ev4sn0dz
[2026-10-08 17:09:58] GET /api/ping 200 hbtgil36hsh25ovn
[2026-10-04 12:24:41] GET /api/ping 200 8kr0gkxzldstz2zi
[2026-10-06 19:23:51] auth ok user=t1snzjd0jhfpbwku
[2026-10-07 07:03:02] auth ok user=lckgqlud4oncm6o5
[2026-10-04 20:17:10] heartbeat 8ri3cvuq73iexcfe
[2026-10-01 14:35:42] cache miss key=kydw7ea04jfulxy5
[2026-10-08 17:51:30] cron job finished 1dpj94ef10cntlnw
[2026-10-03 17:50:18] auth ok user=iryylza6sxystitw
[2026-10-04 15:09:33] heartbeat ljdjyemcu323e9dv
[2026-10-04 06:25:29] heartbeat fzsl2nwhfwmde0cb
[2026-10-05 14:29:16] heartbeat 7elhjhmtuvdgp68h
[2026-10-08 09:55:57] cron job finished uhd2n2pif2zcl90c
[2026-10-04 03:04:08] GET /api/ping 200 3b5o1ra4dv72odp4
[2026-10-06 00:54:51] heartbeat khr9cfol9pwk8tpw
[2026-10-02 07:02:10] heartbeat 21b6u31nz13q32zt
[2026-10-02 05:51:09] auth ok user=im4llmoijdissh7c
[2026-10-07 02:46:23] GET /api/ping 200 rs9fxa29e2s6cgci
[2026-10-04 18:25:35] heartbeat x1596cvrl4je2jul
[2026-10-05 02:09:14] heartbeat nsu0m96qi2d7i33u
[2026-10-05 08:41:28] cron job finished 0jyof7xb8dzm0646
[2026-10-04 02:55:18] cache miss key=38pu2xtbrfo3389e
[2026-10-01 09:14:35] GET /api/ping 200 ourxw93wop9t6qzv
[2026-10-06 17:15:39] auth ok user=yfxtb1bkxykp0nk4
[2026-10-06 21:17:37] cache miss key=9bzj525fj4llfeda
[2026-10-01 06:49:22] GET /api/ping 200 hsjljcep6i18ou3t
[2026-10-07 21:53:05] heartbeat xsmfa9i3ud1hkp1c
[2026-10-08 09:37:50] cache miss key=pa6srf6yyeo2qt0o
[2026-10-02 14:58:48] cron job finished vaso0f5k2cwy3r3l
[2026-10-07 14:13:27] GET /api/ping 200 orboyaqpgkmjvv5r
[2026-10-01 05:14:12] auth ok user=pqhegrdsqvjzvg82
[2026-10-03 11:02:54] cache miss key=6psx1vwk7ocfe3ms
[2026-10-01 09:37:24] cron job finished e061zewce23mz8ru
[2026-10-03 15:15:15] cache miss key=8uzhqkmaksgzjpmr
[2026-10-02 21:38:39] auth ok user=lewwjrmgu4lsl4cy
[2026-10-02 01:25:32] GET /api/ping 200 1cnq4z4xks1zblti
[2026-10-03 07:40:43] GET /api/ping 200 kmut0jxziwao97d6
[2026-10-02 22:17:03] auth ok user=qgn5nbi2ak2wu2u6
[2026-10-05 09:15:45] GET /api/ping 200 xtbn7051j3a8e8lm
[2026-10-02 20:44:50] cron job finished 6jm2xqt0847khs1a
[2026-10-03 08:32:39] cron job finished 04h1x4naq4f9k78i
[2026-10-05 13:30:03] GET /api/ping 200 5mw2uc3r8s1ssu07
[2026-10-01 11:42:24] heartbeat 2k5fx8zzzmeiiu5d
[2026-10-07 02:16:32] GET /api/ping 200 ov4fbjiogdh6ca23
[2026-10-02 19:41:31] cron job finished so1ugrqinw2ko1ke
[2026-10-06 13:38:10] heartbeat f403x4a4on8g6dui
[2026-10-08 07:27:08] cron job finished q6r8hq0kxh631et8
[2026-10-03 03:34:47] auth ok user=yv776dtq27uz26vf
[2026-10-02 21:50:29] auth ok user=9681n4nji24cjjp4
[2026-10-08 11:57:15] GET /api/ping 200 de2y8zqgkmh3vkrz
[2026-10-05 03:35:54] auth ok user=eac7ilpm4ie8wmua
[2026-10-07 02:02:03] cache miss key=lrprd1oc29be3aks
[2026-10-07 20:05:54] cron job finished wawhz3zd6ui7oxcp
[2026-10-08 11:22:49] auth ok user=1qrgeopa8ex2le6c
[2026-10-02 06:53:37] GET /api/ping 200 lzwzey3wmcduxtw4
[2026-10-06 19:01:30] cache miss key=ktusr59uq7vnidwo
[2026-10-02 13:07:16] cron job finished wsqhwtybsntfym4f
[2026-10-08 13:57:29] auth ok user=8i6qciq8eksfbfei
[2026-10-02 02:16:50] heartbeat 4p3hvcqp5tqwy47g
[2026-10-02 00:43:10] cache miss key=vyh0awfhfy0k96zr
[2026-10-07 08:54:55] auth ok user=ryr8f4pond5oxzgy
[2026-10-07 08:26:17] auth ok user=dnngwjpmtuta7nfd
[2026-10-02 21:54:35] GET /api/ping 200 3vmpjjj9dwq5l4lo
[2026-10-05 12:23:40] auth ok user=lhe9ckdehtm21xdg
[2026-10-07 01:15:01] heartbeat a7p61eu4kx316lom
[2026-10-03 20:18:49] auth ok user=puxsu3a5esj2cyt3
[2026-10-03 16:46:00] cron job finished 5dbk06cpwqkfx0op
[2026-10-04 06:45:09] cron job finished 9x4ix42fc5cozggc
[2026-10-04 09:33:50] heartbeat ms43fzn17nhpke3v
[2026-10-03 00:40:19] auth ok user=gf0y2n3i3hldqf9d
[2026-10-08 23:06:13] GET /api/ping 200 7bbarm0xi2lrhfaf
[2026-10-06 10:14:12] cron job finished nma0iws9cizcobx6
[2026-10-04 20:05:58] auth ok user=zrbbm00je7emunfx
[2026-10-06 15:07:59] cache miss key=3pxyvt33uljya6b8
[2026-10-07 10:40:02] heartbeat 217w0u0ssij1llxp
[2026-10-05 06:35:26] cache miss key=ur0p1x33mmzcxols
[2026-10-06 12:01:18] heartbeat 7fatm6tkcbui1788
[2026-10-02 06:34:28] heartbeat axufkmog7qs85ww3
[2026-10-02 21:57:35] heartbeat t70ffh8ldl8onzub
[2026-10-05 17:08:12] auth ok user=ooiht227y242emmi
[2026-10-08 13:22:15] heartbeat idxww2lasqrpi6cs
[2026-10-02 14:07:04] cron job finished 66darcj06kg7fzps
[2026-10-07 02:55:53] GET /api/ping 200 oebvonffx4dpum25
[2026-10-06 11:54:38] cron job finished u5rmo6vm17hbw459
[2026-10-04 02:47:29] cron job finished e2sb10x5i17cyq0i
[2026-10-05 15:29:23] GET /api/ping 200 az45pf2r9naycwz5
[2026-10-02 23:00:45] GET /api/ping 200 oo5mhsclh7pyyazh
[2026-10-01 14:56:45] cache miss key=95u0qeaxeb6f0zpv
[2026-10-06 01:48:10] cron job finished awhopj790vjrc41p
[2026-10-06 03:33:51] cron job finished mvbw7uwmyixeu01z
[2026-10-06 06:11:57] auth ok user=hz60hhl14i4uufkv
[2026-10-05 16:09:04] cron job finished yp1sjb84k0qbnsbz
[2026-10-07 22:07:58] cache miss key=uooqo3c68wemf532
[2026-10-05 11:07:29] cron job finished gpsn2u77zti7cakr
[2026-10-03 07:46:45] GET /api/ping 200 0q89ahj55l0p1qtx
[2026-10-03 14:01:25] cache miss key=xtq84085rbnv0uvg
[2026-10-08 23:34:18] auth ok user=jrz18e582z1rcxb0
[2026-10-03 22:19:50] heartbeat becqui3hg257rblh
[2026-10-08 03:19:16] GET /api/ping 200 w8zyd3a5ak4yoq0n
[2026-10-08 08:37:18] auth ok user=wh1e9ufxykhnus25
[2026-10-08 23:12:58] heartbeat iaqd2k745b1wkt4w
[2026-10-04 01:26:21] GET /api/ping 200 tgg2yxxqidbqlops
[2026-10-04 02:24:53] cache miss key=wkg71k2iolpnii4s
[2026-10-07 05:50:59] auth ok user=fqe2usmakdsaggk7
[2026-10-01 12:00:29] GET /api/ping 200 ze0c89vlql1mlk5n
[2026-10-05 08:36:59] cache miss key=1p3si4bskvcoea16
[2026-10-04 22:54:07] cache miss key=3vkkgu2z9ubp79er
[2026-10-07 22:32:08] cron job finished zgrb15dseh67bo9l
[2026-10-05 02:39:48] cron job finished r76wrq422a3wsv91
[2026-10-04 20:50:42] cron job finished 1x3m73knqzqjq4au
[2026-10-01 13:16:10] auth ok user=zx6yb5vpu3966dx7
[2026-10-01 00:13:42] GET /api/ping 200 rwtulxz6c6rkcpoz
[2026-10-02 15:00:08] auth ok user=a3ctp0ix7l9b910k
[2026-10-06 14:34:57] heartbeat otymb5383dt2n5r8
[2026-10-03 05:59:24] auth ok user=r3lwhf4rc780fjbz
[2026-10-03 06:46:33] cron job finished w40oeaw2y1sgisyc
[2026-10-06 03:20:43] heartbeat 9e9yjunibhr0se72
[2026-10-02 13:35:41] cache miss key=0rnm87pvtflbl96m
[2026-10-02 01:05:49] cron job finished 3qzl599rogbn26ix
[2026-10-04 15:10:31] cache miss key=mv1053xcs1vh99h8
[2026-10-03 21:37:29] cron job finished 9o7iaopcjln72o8a
[2026-10-06 17:21:50] auth ok user=tqhfpf28942u7eqo
[2026-10-04 19:32:51] auth ok user=17e992wew82mfq6z
[2026-10-08 00:03:47] heartbeat 3d7xye3w0wib737r
[2026-10-04 11:47:53] GET /api/ping 200 5hwz3dt09g8he51i
[2026-10-06 20:48:38] cache miss key=0u3wdr5v1ycp5bzx
[2026-10-03 07:42:27] cache miss key=o7e1pj2uniuzxz7k
[2026-10-07 23:21:05] cache miss key=bk41y0kni2j7n2j8
[2026-10-03 06:21:02] heartbeat zlbuoabaobmjqub5
[2026-10-02 15:13:33] auth ok user=p7v3xhwilxz3le5b
[2026-10-01 21:21:24] GET /api/ping 200 8cq0e43niaemf4dw
[2026-10-08 14:44:46] heartbeat c5kgmnrkvsgw0xb5
[2026-10-06 23:06:45] cache miss key=bbww6qmxpo6qlqcx
[2026-10-06 05:33:09] cache miss key=b8hmuadpqtuoal38
[2026-10-05 10:01:10] cache miss key=r7egqcz7807o6z20
[2026-10-06 01:31:41] cron job finished 9st7g23kp0rkiw7c
[2026-10-02 10:44:37] GET /api/ping 200 3gqd8s4qn2o0k2ou
[2026-10-08 09:38:41] auth ok user=jmaw6whlk1m5h4wz
[2026-10-01 17:25:31] auth ok user=9zopypy6lxgzjflq
[2026-10-05 11:17:28] cron job finished pbdjjnm1965w95ji
[2026-10-08 05:50:23] cache miss key=katju5awfgs1xx6i
[2026-10-03 05:14:13] GET /api/ping 200 19ybwmk0c81iamwj
[2026-10-04 00:01:46] cache miss key=kprm7bunhz57ev3z
[2026-10-02 09:25:28] auth ok user=l1081k6unzp49kxi
[2026-10-07 05:13:11] auth ok user=44v3azbhkki3nr6u
[2026-10-03 12:56:29] cache miss key=omd9o6zamwcx5y3n
[2026-10-08 15:36:37] GET /api/ping 200 n1pf5lj4qfur9ikm
[2026-10-08 21:39:05] heartbeat cmtfyzeg65vjp4sv
[2026-10-05 04:42:54] GET /api/ping 200 nd0x099709byub23
[2026-10-08 23:12:22] auth ok user=skr7dxmpv9866o9v
[2026-10-03 03:55:35] cache miss key=jdyuor1m71y8lgc9
[2026-10-01 07:26:20] cache miss key=ytz6kjp0rx10a5o4
[2026-10-06 16:54:26] cron job finished imp8v42w7hpoup55
[2026-10-06 15:50:05] cron job finished c9796bntak810pfa
[2026-10-07 08:29:13] cron job finished p3oq9qkc10ms2rhz
[2026-10-04 18:36:23] cron job finished y4fwtsze79l67dm9
[2026-10-08 05:51:13] auth ok user=msr9rpc4sgag4x7z
[2026-10-02 16:56:06] auth ok user=uvvqkzj75vlouaa7
[2026-10-01 11:19:51] cache miss key=c5krjb8sv2j613kt
[2026-10-02 02:00:57] cache miss key=wlyqs8zvy05tkcyv
[2026-10-07 00:23:30] GET /api/ping 200 kxccnxomlzf24twa
[2026-10-04 20:26:51] heartbeat b9itxy4stjbxhunw
[2026-10-06 11:31:46] cache miss key=y33t6xfipb6wr67w
[2026-10-04 17:29:09] auth ok user=cz9s0ov7z4dkgwwg
[2026-10-04 18:23:41] heartbeat ve9sgsjfqm9zedq3
[2026-10-04 13:30:13] cache miss key=m60dmhteur2jdjvi
[2026-10-03 05:44:14] auth ok user=z9sxyirztonde0g0
[2026-10-03 16:56:15] cache miss key=jvs2yxej7y8wibt9
[2026-10-05 07:25:52] cache miss key=qzrholop9wenjdis
[2026-10-06 14:42:10] cron job finished 0qgo68ivriedo07y
[2026-10-08 11:54:22] heartbeat 5a393jrvvck0pb4p
[2026-10-08 12:35:39] auth ok user=j2ggx5syoszd1wvl
[2026-10-05 07:50:02] auth ok user=9gaevv8otnssin0k
[2026-10-07 06:04:10] GET /api/ping 200 hr3kwrlho0qm5iiz
[2026-10-03 22:31:58] cron job finished nberpfp5rwslbjev
[2026-10-06 18:23:57] GET /api/ping 200 yhj9wo5ggms3yxly
[2026-10-07 18:09:17] heartbeat 225is2ageipwj308
[2026-10-02 17:13:21] auth ok user=0u8klvupdh84wb3d
[2026-10-04 12:58:49] heartbeat vsany36phco0xe21
[2026-10-03 10:38:41] cache miss key=3fwusbkysglue08y
[2026-10-01 22:04:36] cron job finished xks7x0qnvy0cegh3
[2026-10-07 11:13:09] cache miss key=lletulx66b692h4i
[2026-10-06 14:43:10] cache miss key=8lumvpoo0s66zamp
[2026-10-02 07:03:52] cron job finished z6e50oiatcujb6tb
[2026-10-04 12:13:31] cache miss key=i632bose4meka46r
[2026-10-01 03:18:13] heartbeat k6szb8rymdj0iyi5
[2026-10-06 08:58:05] heartbeat l8ebchc2tyo63w39
[2026-10-01 17:51:38] GET /api/ping 200 961cuvm7gbyzudlm
[2026-10-04 23:27:47] GET /api/ping 200 usbdfzflzvqx0lfc
[2026-10-06 06:48:41] auth ok user=hs8rvuheu195ry6c
[2026-10-01 22:21:32] cron job finished q916f2rkd26s019e
[debug] attempted flag submit rejected: CTF{fake_24_nope}
[2026-10-01 20:21:04] GET /api/ping 200 wj7tuv5wkn8q7jyz
[2026-10-06 16:04:31] auth ok user=fhvyzxouy3w023v4
[2026-10-02 09:37:39] cron job finished dk12ab74hoq94cuq
[2026-10-04 08:57:20] GET /api/ping 200 jexaxzr8uz2zbceh
[2026-10-02 06:33:04] heartbeat mal4pjmbr5hlvo7p
[2026-10-07 09:18:39] cron job finished cxyjw8hbvkvpeaer
[2026-10-06 14:18:42] cache miss key=ier26rz99f7vi5x7
[2026-10-07 23:02:16] heartbeat h1c6taoblwafbt8c
[2026-10-03 11:10:18] GET /api/ping 200 ayzi9zalb9o6z01i
[2026-10-02 13:40:08] cache miss key=b1svbp3grnxokkcw
[2026-10-07 15:41:53] cache miss key=8cdjz3pa7lfq80yk
[2026-10-07 16:21:48] auth ok user=e6pazejqcovktxyw
[2026-10-01 14:43:58] heartbeat z25fi2c73vkj1a9y
[2026-10-07 13:36:37] auth ok user=i89e22qdxs1swhse
[2026-10-06 20:48:58] heartbeat ln0a9aahgvvo5vdx
[2026-10-04 15:52:30] GET /api/ping 200 u9t6rqnuifjb3tgn
[2026-10-04 10:49:10] auth ok user=8nof82xn2xh1ev9q
[2026-10-02 11:59:29] GET /api/ping 200 rojy3mwpqwxtq4wi
[2026-10-04 14:34:45] cron job finished whri2u97feteb5w6
[2026-10-03 19:03:18] auth ok user=2x7d2aj0wq2293ar
[2026-10-03 17:12:21] auth ok user=40egyw042lttjre8
[2026-10-01 10:41:04] auth ok user=i1qq4kewtcaotzrp
[2026-10-07 18:03:34] cron job finished 6wazvs8qa1p3oaik
[2026-10-02 21:54:56] GET /api/ping 200 qauyzg8v37sfs8lg
[2026-10-04 00:59:51] GET /api/ping 200 ect8i9hckuawc9ih
[2026-10-02 03:35:42] cache miss key=2dtisct4i3t7b6l0
[2026-10-01 10:44:00] cron job finished umvd4i899qjhcnro
[2026-10-04 20:42:24] cache miss key=73kdtsreaor6gt5e
[2026-10-04 14:32:01] cache miss key=c16vo2j00l88slzi
[2026-10-02 02:18:59] heartbeat 4zhjrcyfoqkvixlc
[2026-10-05 07:59:34] cron job finished duyaswl8uywmhv7a
[2026-10-07 19:57:27] cache miss key=gok4ll2ptfv7bvdx
[2026-10-04 19:00:04] auth ok user=cnfk22w80yomnu4i
[2026-10-07 08:23:43] heartbeat pk74s9daa2xnf2gh
[2026-10-05 10:10:19] heartbeat zgrp4qep4e8i8w97
[2026-10-03 16:15:09] GET /api/ping 200 lv6xlk1y3e48t9hs
[2026-10-03 07:07:48] cron job finished y8kw1l77nqdrba6l
[2026-10-05 10:52:07] cron job finished lxukbj75ipl9jupd
[2026-10-07 17:03:05] GET /api/ping 200 w00k319u04brhrq4
[2026-10-06 09:56:28] cache miss key=uwrpslnrgt206kav
[2026-10-05 20:12:26] cache miss key=hd4h5ievyy8l38e5
[2026-10-07 18:23:03] heartbeat cbpmeitsljnt9cba
[2026-10-08 12:53:40] GET /api/ping 200 cb1atrvfx9axkgxl
[2026-10-07 11:57:30] cache miss key=3l4aoqqeed2eocra
[2026-10-05 04:11:07] GET /api/ping 200 7jqnc8b04w6fzkz6
[debug] attempted flag submit rejected: CTF{fake_26_nope}
[2026-10-06 04:40:26] heartbeat n4yvd814uivf0m5p
[2026-10-03 22:32:23] auth ok user=pbwsct2uhhg86t4g
[2026-10-05 13:20:46] GET /api/ping 200 0pcrvssi5haebdbp
[2026-10-02 10:12:27] heartbeat vyj8tm7bx4yesf26
[2026-10-05 05:38:05] cron job finished u8bp12mtmkvwyg7m
[2026-10-06 01:41:18] GET /api/ping 200 387od9ho7nd748l4
[2026-10-07 05:02:12] heartbeat q54j0f8tl58ghuep
[2026-10-02 07:46:59] heartbeat fa6uxohvq0n9kg8c
[2026-10-03 17:55:46] auth ok user=692efaw5ttctv6v2
[2026-10-05 09:13:12] GET /api/ping 200 36qa9nvb0ixog02t
[2026-10-07 22:23:12] cron job finished j0ez4q96g5khk6wz
[2026-10-08 15:35:01] cache miss key=siu3td7mrboz302p
[2026-10-05 06:55:28] GET /api/ping 200 2ofblxehment190e
